t_granted,feeder,iter,state,vupdate,source_v_pu,source_ang_deg,dist_bus,vavg_pu,va_pu,vb_pu,vc_pu
0.0,1,40,ITERATING,True,0.945349,-1.841282,regxfmr_hvmv_sub_lsb,0.930186,0.930518,0.930181,0.929858
300.0,1,41,NEXT_STEP,False,0.945349,-1.841282,regxfmr_hvmv_sub_lsb,0.930186,0.930518,0.930181,0.929858
600.0,1,44,NEXT_STEP,False,0.945349,-1.842058,regxfmr_hvmv_sub_lsb,0.930186,0.930518,0.930181,0.929858
900.0,1,47,NEXT_STEP,False,0.945349,-1.842555,regxfmr_hvmv_sub_lsb,0.930186,0.930518,0.930181,0.929858
1200.0,1,50,NEXT_STEP,False,0.945349,-1.842873,regxfmr_hvmv_sub_lsb,0.930186,0.930518,0.930181,0.929858
1500.0,1,53,NEXT_STEP,False,0.945349,-1.843076,regxfmr_hvmv_sub_lsb,0.930186,0.930518,0.930181,0.929858
1800.0,1,56,NEXT_STEP,False,0.945349,-1.843206,regxfmr_hvmv_sub_lsb,0.930186,0.930518,0.930181,0.929858
2100.0,1,59,NEXT_STEP,False,0.945349,-1.843289,regxfmr_hvmv_sub_lsb,0.930186,0.930518,0.930181,0.929858
2400.0,1,62,NEXT_STEP,False,0.945349,-1.843343,regxfmr_hvmv_sub_lsb,0.930186,0.930518,0.930181,0.929858
2700.0,1,65,NEXT_STEP,False,0.945349,-1.843377,regxfmr_hvmv_sub_lsb,0.930186,0.930518,0.930181,0.929858
3000.0,1,68,NEXT_STEP,False,0.945349,-1.843399,regxfmr_hvmv_sub_lsb,0.930186,0.930518,0.930181,0.929858
3300.0,1,71,NEXT_STEP,False,0.945349,-1.843413,regxfmr_hvmv_sub_lsb,0.930186,0.930518,0.930181,0.929858
3600.0,1,74,NEXT_STEP,False,0.945349,-1.843421,regxfmr_hvmv_sub_lsb,0.930186,0.930518,0.930181,0.929858
3900.0,1,77,NEXT_STEP,False,0.945349,-1.843427,regxfmr_hvmv_sub_lsb,0.930186,0.930518,0.930181,0.929858
4200.0,1,80,NEXT_STEP,False,0.945349,-1.843431,regxfmr_hvmv_sub_lsb,0.930186,0.930518,0.930181,0.929858
4500.0,1,83,NEXT_STEP,False,0.945349,-1.843433,regxfmr_hvmv_sub_lsb,0.930186,0.930518,0.930181,0.929858
4800.0,1,86,NEXT_STEP,False,0.945349,-1.843435,regxfmr_hvmv_sub_lsb,0.930186,0.930518,0.930181,0.929858
5100.0,1,89,NEXT_STEP,False,0.945349,-1.843436,regxfmr_hvmv_sub_lsb,0.930186,0.930518,0.930181,0.929858
5400.0,1,92,NEXT_STEP,False,0.945349,-1.843436,regxfmr_hvmv_sub_lsb,0.930186,0.930518,0.930181,0.929858
5700.0,1,95,NEXT_STEP,False,0.945349,-1.843437,regxfmr_hvmv_sub_lsb,0.930186,0.930518,0.930181,0.929858
6000.0,1,98,NEXT_STEP,False,0.945349,-1.843437,regxfmr_hvmv_sub_lsb,0.930186,0.930518,0.930181,0.929858
6300.0,1,100,NEXT_STEP,False,0.945349,-1.843437,regxfmr_hvmv_sub_lsb,0.930186,0.930518,0.930181,0.929858
6600.0,1,102,NEXT_STEP,False,0.945349,-1.843437,regxfmr_hvmv_sub_lsb,0.930186,0.930518,0.930181,0.929858
6900.0,1,104,NEXT_STEP,False,0.945349,-1.843437,regxfmr_hvmv_sub_lsb,0.930186,0.930518,0.930181,0.929858
7200.0,1,106,NEXT_STEP,False,0.945349,-1.843437,regxfmr_hvmv_sub_lsb,0.930186,0.930518,0.930181,0.929858
7500.0,1,108,NEXT_STEP,False,0.945349,-1.843437,regxfmr_hvmv_sub_lsb,0.930186,0.930518,0.930181,0.929858
7800.0,1,110,NEXT_STEP,False,0.945349,-1.843437,regxfmr_hvmv_sub_lsb,0.930186,0.930518,0.930181,0.929858
8100.0,1,112,NEXT_STEP,False,0.945349,-1.843437,regxfmr_hvmv_sub_lsb,0.930186,0.930518,0.930181,0.929858
8400.0,1,114,NEXT_STEP,False,0.945349,-1.843437,regxfmr_hvmv_sub_lsb,0.930186,0.930518,0.930181,0.929858
8700.0,1,116,NEXT_STEP,False,0.945349,-1.843437,regxfmr_hvmv_sub_lsb,0.930186,0.930518,0.930181,0.929858
9000.0,1,118,NEXT_STEP,False,0.945349,-1.843437,regxfmr_hvmv_sub_lsb,0.930186,0.930518,0.930181,0.929858
9300.0,1,120,NEXT_STEP,False,0.945349,-1.843437,regxfmr_hvmv_sub_lsb,0.930186,0.930518,0.930181,0.929858
9600.0,1,122,NEXT_STEP,False,0.945349,-1.843437,regxfmr_hvmv_sub_lsb,0.930186,0.930518,0.930181,0.929858
9900.0,1,124,NEXT_STEP,False,0.945349,-1.843437,regxfmr_hvmv_sub_lsb,0.930186,0.930518,0.930181,0.929858
10200.0,1,126,NEXT_STEP,False,0.945349,-1.843437,regxfmr_hvmv_sub_lsb,0.930186,0.930518,0.930181,0.929858
10500.0,1,128,NEXT_STEP,False,0.945349,-1.843437,regxfmr_hvmv_sub_lsb,0.930186,0.930518,0.930181,0.929858
10800.0,1,130,NEXT_STEP,False,0.945349,-1.843437,regxfmr_hvmv_sub_lsb,0.930186,0.930518,0.930181,0.929858
11100.0,1,132,NEXT_STEP,False,0.945349,-1.843437,regxfmr_hvmv_sub_lsb,0.930186,0.930518,0.930181,0.929858
11400.0,1,134,NEXT_STEP,False,0.945349,-1.843437,regxfmr_hvmv_sub_lsb,0.930186,0.930518,0.930181,0.929858
11700.0,1,136,NEXT_STEP,False,0.945349,-1.843437,regxfmr_hvmv_sub_lsb,0.930186,0.930518,0.930181,0.929858
12000.0,1,138,NEXT_STEP,False,0.945349,-1.843437,regxfmr_hvmv_sub_lsb,0.930186,0.930518,0.930181,0.929858
12300.0,1,140,NEXT_STEP,False,0.945349,-1.843437,regxfmr_hvmv_sub_lsb,0.930186,0.930518,0.930181,0.929858
12600.0,1,142,NEXT_STEP,False,0.945349,-1.843437,regxfmr_hvmv_sub_lsb,0.930186,0.930518,0.930181,0.929858
12900.0,1,144,NEXT_STEP,False,0.945349,-1.843437,regxfmr_hvmv_sub_lsb,0.930186,0.930518,0.930181,0.929858
13200.0,1,146,NEXT_STEP,False,0.945349,-1.843437,regxfmr_hvmv_sub_lsb,0.930186,0.930518,0.930181,0.929858
13500.0,1,148,NEXT_STEP,False,0.945349,-1.843437,regxfmr_hvmv_sub_lsb,0.930186,0.930518,0.930181,0.929858
13800.0,1,150,NEXT_STEP,False,0.945349,-1.843437,regxfmr_hvmv_sub_lsb,0.930186,0.930518,0.930181,0.929858
14100.0,1,152,NEXT_STEP,False,0.945349,-1.843437,regxfmr_hvmv_sub_lsb,0.930186,0.930518,0.930181,0.929858
14400.0,1,154,NEXT_STEP,False,0.945349,-1.843437,regxfmr_hvmv_sub_lsb,0.930186,0.930518,0.930181,0.929858
14700.0,1,156,NEXT_STEP,False,0.945349,-1.843437,regxfmr_hvmv_sub_lsb,0.930186,0.930518,0.930181,0.929858
15000.0,1,158,NEXT_STEP,False,0.945349,-1.843437,regxfmr_hvmv_sub_lsb,0.930186,0.930518,0.930181,0.929858
15300.0,1,160,NEXT_STEP,False,0.945349,-1.843437,regxfmr_hvmv_sub_lsb,0.930186,0.930518,0.930181,0.929858
15600.0,1,162,NEXT_STEP,False,0.945349,-1.843437,regxfmr_hvmv_sub_lsb,0.930186,0.930518,0.930181,0.929858
15900.0,1,164,NEXT_STEP,False,0.945349,-1.843437,regxfmr_hvmv_sub_lsb,0.930186,0.930518,0.930181,0.929858
16200.0,1,166,NEXT_STEP,False,0.945349,-1.843437,regxfmr_hvmv_sub_lsb,0.930186,0.930518,0.930181,0.929858
16500.0,1,168,NEXT_STEP,False,0.945349,-1.843437,regxfmr_hvmv_sub_lsb,0.930186,0.930518,0.930181,0.929858
16800.0,1,170,NEXT_STEP,False,0.945349,-1.843437,regxfmr_hvmv_sub_lsb,0.930186,0.930518,0.930181,0.929858
17100.0,1,172,NEXT_STEP,False,0.945349,-1.843437,regxfmr_hvmv_sub_lsb,0.930186,0.930518,0.930181,0.929858
17400.0,1,174,NEXT_STEP,False,0.945349,-1.843437,regxfmr_hvmv_sub_lsb,0.930186,0.930518,0.930181,0.929858
17700.0,1,176,NEXT_STEP,False,0.945349,-1.843437,regxfmr_hvmv_sub_lsb,0.930186,0.930518,0.930181,0.929858
18000.0,1,178,NEXT_STEP,False,0.945349,-1.843437,regxfmr_hvmv_sub_lsb,0.930186,0.930518,0.930181,0.929858
18300.0,1,180,NEXT_STEP,False,0.945349,-1.843437,regxfmr_hvmv_sub_lsb,0.930186,0.930518,0.930181,0.929858
18600.0,1,182,NEXT_STEP,False,0.945349,-1.843437,regxfmr_hvmv_sub_lsb,0.930186,0.930518,0.930181,0.929858
18900.0,1,184,NEXT_STEP,False,0.945349,-1.843437,regxfmr_hvmv_sub_lsb,0.930186,0.930518,0.930181,0.929858
19200.0,1,186,NEXT_STEP,False,0.945349,-1.843437,regxfmr_hvmv_sub_lsb,0.930186,0.930518,0.930181,0.929858
19500.0,1,188,NEXT_STEP,False,0.945349,-1.843437,regxfmr_hvmv_sub_lsb,0.930186,0.930518,0.930181,0.929858
19800.0,1,190,NEXT_STEP,False,0.945349,-1.843437,regxfmr_hvmv_sub_lsb,0.930186,0.930518,0.930181,0.929858
20100.0,1,192,NEXT_STEP,False,0.945349,-1.843437,regxfmr_hvmv_sub_lsb,0.930186,0.930518,0.930181,0.929858
20400.0,1,194,NEXT_STEP,False,0.945349,-1.843437,regxfmr_hvmv_sub_lsb,0.930186,0.930518,0.930181,0.929858
20700.0,1,196,NEXT_STEP,False,0.945349,-1.843437,regxfmr_hvmv_sub_lsb,0.930186,0.930518,0.930181,0.929858
21000.0,1,198,NEXT_STEP,False,0.945349,-1.843437,regxfmr_hvmv_sub_lsb,0.930186,0.930518,0.930181,0.929858
21300.0,1,200,NEXT_STEP,False,0.945349,-1.843437,regxfmr_hvmv_sub_lsb,0.930186,0.930518,0.930181,0.929858
21600.0,1,202,NEXT_STEP,False,0.945349,-1.843437,regxfmr_hvmv_sub_lsb,0.930186,0.930518,0.930181,0.929858
21900.0,1,204,NEXT_STEP,False,0.945349,-1.843437,regxfmr_hvmv_sub_lsb,0.930186,0.930518,0.930181,0.929858
22200.0,1,206,NEXT_STEP,False,0.945349,-1.843437,regxfmr_hvmv_sub_lsb,0.930186,0.930518,0.930181,0.929858
22500.0,1,208,NEXT_STEP,False,0.945349,-1.843437,regxfmr_hvmv_sub_lsb,0.930186,0.930518,0.930181,0.929858
22800.0,1,210,NEXT_STEP,False,0.945349,-1.843437,regxfmr_hvmv_sub_lsb,0.930186,0.930518,0.930181,0.929858
23100.0,1,212,NEXT_STEP,False,0.945349,-1.843437,regxfmr_hvmv_sub_lsb,0.930186,0.930518,0.930181,0.929858
23400.0,1,214,NEXT_STEP,False,0.945349,-1.843437,regxfmr_hvmv_sub_lsb,0.930186,0.930518,0.930181,0.929858
23700.0,1,216,NEXT_STEP,False,0.945349,-1.843437,regxfmr_hvmv_sub_lsb,0.930186,0.930518,0.930181,0.929858
24000.0,1,218,NEXT_STEP,False,0.945349,-1.843437,regxfmr_hvmv_sub_lsb,0.930186,0.930518,0.930181,0.929858
24300.0,1,220,NEXT_STEP,False,0.945349,-1.843437,regxfmr_hvmv_sub_lsb,0.930186,0.930518,0.930181,0.929858
24600.0,1,222,NEXT_STEP,False,0.945349,-1.843437,regxfmr_hvmv_sub_lsb,0.930186,0.930518,0.930181,0.929858
24900.0,1,224,NEXT_STEP,False,0.945349,-1.843437,regxfmr_hvmv_sub_lsb,0.930186,0.930518,0.930181,0.929858
25200.0,1,226,NEXT_STEP,False,0.945349,-1.843437,regxfmr_hvmv_sub_lsb,0.930186,0.930518,0.930181,0.929858
25500.0,1,228,NEXT_STEP,False,0.945349,-1.843437,regxfmr_hvmv_sub_lsb,0.930186,0.930518,0.930181,0.929858
25800.0,1,230,NEXT_STEP,False,0.945349,-1.843437,regxfmr_hvmv_sub_lsb,0.930186,0.930518,0.930181,0.929858
26100.0,1,232,NEXT_STEP,False,0.945349,-1.843437,regxfmr_hvmv_sub_lsb,0.930186,0.930518,0.930181,0.929858
26400.0,1,234,NEXT_STEP,False,0.945349,-1.843437,regxfmr_hvmv_sub_lsb,0.930186,0.930518,0.930181,0.929858
26700.0,1,236,NEXT_STEP,False,0.945349,-1.843437,regxfmr_hvmv_sub_lsb,0.930186,0.930518,0.930181,0.929858
27000.0,1,238,NEXT_STEP,False,0.945349,-1.843437,regxfmr_hvmv_sub_lsb,0.930186,0.930518,0.930181,0.929858
27300.0,1,240,NEXT_STEP,False,0.945349,-1.843437,regxfmr_hvmv_sub_lsb,0.930186,0.930518,0.930181,0.929858
27600.0,1,242,NEXT_STEP,False,0.945349,-1.843437,regxfmr_hvmv_sub_lsb,0.930186,0.930518,0.930181,0.929858
27900.0,1,244,NEXT_STEP,False,0.945349,-1.843437,regxfmr_hvmv_sub_lsb,0.930186,0.930518,0.930181,0.929858
28200.0,1,246,NEXT_STEP,False,0.945349,-1.843437,regxfmr_hvmv_sub_lsb,0.930186,0.930518,0.930181,0.929858
28500.0,1,248,NEXT_STEP,False,0.945349,-1.843437,regxfmr_hvmv_sub_lsb,0.930186,0.930518,0.930181,0.929858
28800.0,1,250,NEXT_STEP,False,0.945349,-1.843437,regxfmr_hvmv_sub_lsb,0.930186,0.930518,0.930181,0.929858
29100.0,1,252,NEXT_STEP,False,0.945349,-1.843437,regxfmr_hvmv_sub_lsb,0.930186,0.930518,0.930181,0.929858
29400.0,1,254,NEXT_STEP,False,0.945349,-1.843437,regxfmr_hvmv_sub_lsb,0.930186,0.930518,0.930181,0.929858
29700.0,1,256,NEXT_STEP,False,0.945349,-1.843437,regxfmr_hvmv_sub_lsb,0.930186,0.930518,0.930181,0.929858
30000.0,1,258,NEXT_STEP,False,0.945349,-1.843437,regxfmr_hvmv_sub_lsb,0.930186,0.930518,0.930181,0.929858
30300.0,1,260,NEXT_STEP,False,0.945349,-1.843437,regxfmr_hvmv_sub_lsb,0.930186,0.930518,0.930181,0.929858
30600.0,1,262,NEXT_STEP,False,0.945349,-1.843437,regxfmr_hvmv_sub_lsb,0.930186,0.930518,0.930181,0.929858
30900.0,1,264,NEXT_STEP,False,0.945349,-1.843437,regxfmr_hvmv_sub_lsb,0.930186,0.930518,0.930181,0.929858
31200.0,1,266,NEXT_STEP,False,0.945349,-1.843437,regxfmr_hvmv_sub_lsb,0.930186,0.930518,0.930181,0.929858
31500.0,1,268,NEXT_STEP,False,0.945349,-1.843437,regxfmr_hvmv_sub_lsb,0.930186,0.930518,0.930181,0.929858
31800.0,1,270,NEXT_STEP,False,0.945349,-1.843437,regxfmr_hvmv_sub_lsb,0.930186,0.930518,0.930181,0.929858
32100.0,1,272,NEXT_STEP,False,0.945349,-1.843437,regxfmr_hvmv_sub_lsb,0.930186,0.930518,0.930181,0.929858
32400.0,1,274,NEXT_STEP,False,0.945349,-1.843437,regxfmr_hvmv_sub_lsb,0.930186,0.930518,0.930181,0.929858
32700.0,1,276,NEXT_STEP,False,0.945349,-1.843437,regxfmr_hvmv_sub_lsb,0.930186,0.930518,0.930181,0.929858
33000.0,1,277,NEXT_STEP,False,0.945349,-1.843437,regxfmr_hvmv_sub_lsb,0.930186,0.930518,0.930181,0.929858
33300.0,1,278,NEXT_STEP,False,0.945349,-1.843437,regxfmr_hvmv_sub_lsb,0.930186,0.930518,0.930181,0.929858
33600.0,1,279,NEXT_STEP,False,0.945349,-1.843437,regxfmr_hvmv_sub_lsb,0.930186,0.930518,0.930181,0.929858
33900.0,1,280,NEXT_STEP,False,0.945349,-1.843437,regxfmr_hvmv_sub_lsb,0.930186,0.930518,0.930181,0.929858
34200.0,1,281,NEXT_STEP,False,0.945349,-1.843437,regxfmr_hvmv_sub_lsb,0.930186,0.930518,0.930181,0.929858
34500.0,1,282,NEXT_STEP,False,0.945349,-1.843437,regxfmr_hvmv_sub_lsb,0.930186,0.930518,0.930181,0.929858
34800.0,1,283,NEXT_STEP,False,0.945349,-1.843437,regxfmr_hvmv_sub_lsb,0.930186,0.930518,0.930181,0.929858
35100.0,1,284,NEXT_STEP,False,0.945349,-1.843437,regxfmr_hvmv_sub_lsb,0.930186,0.930518,0.930181,0.929858
35400.0,1,285,NEXT_STEP,False,0.945349,-1.843437,regxfmr_hvmv_sub_lsb,0.930186,0.930518,0.930181,0.929858
35700.0,1,286,NEXT_STEP,False,0.945349,-1.843437,regxfmr_hvmv_sub_lsb,0.930186,0.930518,0.930181,0.929858
36000.0,1,287,NEXT_STEP,False,0.945349,-1.843437,regxfmr_hvmv_sub_lsb,0.930186,0.930518,0.930181,0.929858
36300.0,1,288,NEXT_STEP,False,0.945349,-1.843437,regxfmr_hvmv_sub_lsb,0.930186,0.930518,0.930181,0.929858
36600.0,1,289,NEXT_STEP,False,0.945349,-1.843437,regxfmr_hvmv_sub_lsb,0.930186,0.930518,0.930181,0.929858
36900.0,1,290,NEXT_STEP,False,0.945349,-1.843437,regxfmr_hvmv_sub_lsb,0.930186,0.930518,0.930181,0.929858
37200.0,1,291,NEXT_STEP,False,0.945349,-1.843437,regxfmr_hvmv_sub_lsb,0.930186,0.930518,0.930181,0.929858
37500.0,1,292,NEXT_STEP,False,0.945349,-1.843437,regxfmr_hvmv_sub_lsb,0.930186,0.930518,0.930181,0.929858
37800.0,1,293,NEXT_STEP,False,0.945349,-1.843437,regxfmr_hvmv_sub_lsb,0.930186,0.930518,0.930181,0.929858
38100.0,1,294,NEXT_STEP,False,0.945349,-1.843437,regxfmr_hvmv_sub_lsb,0.930186,0.930518,0.930181,0.929858
38400.0,1,295,NEXT_STEP,False,0.945349,-1.843437,regxfmr_hvmv_sub_lsb,0.930186,0.930518,0.930181,0.929858
38700.0,1,296,NEXT_STEP,False,0.945349,-1.843437,regxfmr_hvmv_sub_lsb,0.930186,0.930518,0.930181,0.929858
39000.0,1,297,NEXT_STEP,False,0.945349,-1.843437,regxfmr_hvmv_sub_lsb,0.930186,0.930518,0.930181,0.929858
39300.0,1,298,NEXT_STEP,False,0.945349,-1.843437,regxfmr_hvmv_sub_lsb,0.930186,0.930518,0.930181,0.929858
39600.0,1,299,NEXT_STEP,False,0.945349,-1.843437,regxfmr_hvmv_sub_lsb,0.930186,0.930518,0.930181,0.929858
39900.0,1,300,NEXT_STEP,False,0.945349,-1.843437,regxfmr_hvmv_sub_lsb,0.930186,0.930518,0.930181,0.929858
40200.0,1,301,NEXT_STEP,False,0.945349,-1.843437,regxfmr_hvmv_sub_lsb,0.930186,0.930518,0.930181,0.929858
40500.0,1,302,NEXT_STEP,False,0.945349,-1.843437,regxfmr_hvmv_sub_lsb,0.930186,0.930518,0.930181,0.929858
40800.0,1,303,NEXT_STEP,False,0.945349,-1.843437,regxfmr_hvmv_sub_lsb,0.930186,0.930518,0.930181,0.929858
41100.0,1,304,NEXT_STEP,False,0.945349,-1.843437,regxfmr_hvmv_sub_lsb,0.930186,0.930518,0.930181,0.929858
41400.0,1,305,NEXT_STEP,False,0.945349,-1.843437,regxfmr_hvmv_sub_lsb,0.930186,0.930518,0.930181,0.929858
41700.0,1,306,NEXT_STEP,False,0.945349,-1.843437,regxfmr_hvmv_sub_lsb,0.930186,0.930518,0.930181,0.929858
42000.0,1,307,NEXT_STEP,False,0.945349,-1.843437,regxfmr_hvmv_sub_lsb,0.930186,0.930518,0.930181,0.929858
42300.0,1,308,NEXT_STEP,False,0.945349,-1.843437,regxfmr_hvmv_sub_lsb,0.930186,0.930518,0.930181,0.929858
42600.0,1,309,NEXT_STEP,False,0.945349,-1.843437,regxfmr_hvmv_sub_lsb,0.930186,0.930518,0.930181,0.929858
42900.0,1,310,NEXT_STEP,False,0.945349,-1.843437,regxfmr_hvmv_sub_lsb,0.930186,0.930518,0.930181,0.929858
43200.0,1,311,NEXT_STEP,False,0.945349,-1.843437,regxfmr_hvmv_sub_lsb,0.930186,0.930518,0.930181,0.929858
43500.0,1,312,NEXT_STEP,False,0.945349,-1.843437,regxfmr_hvmv_sub_lsb,0.930186,0.930518,0.930181,0.929858
43800.0,1,313,NEXT_STEP,False,0.945349,-1.843437,regxfmr_hvmv_sub_lsb,0.930186,0.930518,0.930181,0.929858
44100.0,1,314,NEXT_STEP,False,0.945349,-1.843437,regxfmr_hvmv_sub_lsb,0.930186,0.930518,0.930181,0.929858
44400.0,1,315,NEXT_STEP,False,0.945349,-1.843437,regxfmr_hvmv_sub_lsb,0.930186,0.930518,0.930181,0.929858
44700.0,1,316,NEXT_STEP,False,0.945349,-1.843437,regxfmr_hvmv_sub_lsb,0.930186,0.930518,0.930181,0.929858
45000.0,1,317,NEXT_STEP,False,0.945349,-1.843437,regxfmr_hvmv_sub_lsb,0.930186,0.930518,0.930181,0.929858
45300.0,1,318,NEXT_STEP,False,0.945349,-1.843437,regxfmr_hvmv_sub_lsb,0.930186,0.930518,0.930181,0.929858
45600.0,1,319,NEXT_STEP,False,0.945349,-1.843437,regxfmr_hvmv_sub_lsb,0.930186,0.930518,0.930181,0.929858
45900.0,1,320,NEXT_STEP,False,0.945349,-1.843437,regxfmr_hvmv_sub_lsb,0.930186,0.930518,0.930181,0.929858
46200.0,1,321,NEXT_STEP,False,0.945349,-1.843437,regxfmr_hvmv_sub_lsb,0.930186,0.930518,0.930181,0.929858
46500.0,1,322,NEXT_STEP,False,0.945349,-1.843437,regxfmr_hvmv_sub_lsb,0.930186,0.930518,0.930181,0.929858
46800.0,1,323,NEXT_STEP,False,0.945349,-1.843437,regxfmr_hvmv_sub_lsb,0.930186,0.930518,0.930181,0.929858
47100.0,1,324,NEXT_STEP,False,0.945349,-1.843437,regxfmr_hvmv_sub_lsb,0.930186,0.930518,0.930181,0.929858
47400.0,1,325,NEXT_STEP,False,0.945349,-1.843437,regxfmr_hvmv_sub_lsb,0.930186,0.930518,0.930181,0.929858
47700.0,1,326,NEXT_STEP,False,0.945349,-1.843437,regxfmr_hvmv_sub_lsb,0.930186,0.930518,0.930181,0.929858
48000.0,1,327,NEXT_STEP,False,0.945349,-1.843437,regxfmr_hvmv_sub_lsb,0.930186,0.930518,0.930181,0.929858
48300.0,1,328,NEXT_STEP,False,0.945349,-1.843437,regxfmr_hvmv_sub_lsb,0.930186,0.930518,0.930181,0.929858
48600.0,1,329,NEXT_STEP,False,0.945349,-1.843437,regxfmr_hvmv_sub_lsb,0.930186,0.930518,0.930181,0.929858
48900.0,1,330,NEXT_STEP,False,0.945349,-1.843437,regxfmr_hvmv_sub_lsb,0.930186,0.930518,0.930181,0.929858
49200.0,1,331,NEXT_STEP,False,0.945349,-1.843437,regxfmr_hvmv_sub_lsb,0.930186,0.930518,0.930181,0.929858
49500.0,1,332,NEXT_STEP,False,0.945349,-1.843437,regxfmr_hvmv_sub_lsb,0.930186,0.930518,0.930181,0.929858
49800.0,1,333,NEXT_STEP,False,0.945349,-1.843437,regxfmr_hvmv_sub_lsb,0.930186,0.930518,0.930181,0.929858
50100.0,1,334,NEXT_STEP,False,0.945349,-1.843437,regxfmr_hvmv_sub_lsb,0.930186,0.930518,0.930181,0.929858
50400.0,1,335,NEXT_STEP,False,0.945349,-1.843437,regxfmr_hvmv_sub_lsb,0.930186,0.930518,0.930181,0.929858
50700.0,1,336,NEXT_STEP,False,0.945349,-1.843437,regxfmr_hvmv_sub_lsb,0.930186,0.930518,0.930181,0.929858
51000.0,1,337,NEXT_STEP,False,0.945349,-1.843437,regxfmr_hvmv_sub_lsb,0.930186,0.930518,0.930181,0.929858
51300.0,1,338,NEXT_STEP,False,0.945349,-1.843437,regxfmr_hvmv_sub_lsb,0.930186,0.930518,0.930181,0.929858
51600.0,1,339,NEXT_STEP,False,0.945349,-1.843437,regxfmr_hvmv_sub_lsb,0.930186,0.930518,0.930181,0.929858
51900.0,1,340,NEXT_STEP,False,0.945349,-1.843437,regxfmr_hvmv_sub_lsb,0.930186,0.930518,0.930181,0.929858
52200.0,1,341,NEXT_STEP,False,0.945349,-1.843437,regxfmr_hvmv_sub_lsb,0.930186,0.930518,0.930181,0.929858
52500.0,1,342,NEXT_STEP,False,0.945349,-1.843437,regxfmr_hvmv_sub_lsb,0.930186,0.930518,0.930181,0.929858
52800.0,1,343,NEXT_STEP,False,0.945349,-1.843437,regxfmr_hvmv_sub_lsb,0.930186,0.930518,0.930181,0.929858
53100.0,1,344,NEXT_STEP,False,0.945349,-1.843437,regxfmr_hvmv_sub_lsb,0.930186,0.930518,0.930181,0.929858
53400.0,1,345,NEXT_STEP,False,0.945349,-1.843437,regxfmr_hvmv_sub_lsb,0.930186,0.930518,0.930181,0.929858
53700.0,1,346,NEXT_STEP,False,0.945349,-1.843437,regxfmr_hvmv_sub_lsb,0.930186,0.930518,0.930181,0.929858
54000.0,1,347,NEXT_STEP,False,0.945349,-1.843437,regxfmr_hvmv_sub_lsb,0.930186,0.930518,0.930181,0.929858
54300.0,1,348,NEXT_STEP,False,0.945349,-1.843437,regxfmr_hvmv_sub_lsb,0.930186,0.930518,0.930181,0.929858
54600.0,1,349,NEXT_STEP,False,0.945349,-1.843437,regxfmr_hvmv_sub_lsb,0.930186,0.930518,0.930181,0.929858
54900.0,1,350,NEXT_STEP,False,0.945349,-1.843437,regxfmr_hvmv_sub_lsb,0.930186,0.930518,0.930181,0.929858
55200.0,1,351,NEXT_STEP,False,0.945349,-1.843437,regxfmr_hvmv_sub_lsb,0.930186,0.930518,0.930181,0.929858
55500.0,1,352,NEXT_STEP,False,0.945349,-1.843437,regxfmr_hvmv_sub_lsb,0.930186,0.930518,0.930181,0.929858
55800.0,1,353,NEXT_STEP,False,0.945349,-1.843437,regxfmr_hvmv_sub_lsb,0.930186,0.930518,0.930181,0.929858
56100.0,1,354,NEXT_STEP,False,0.945349,-1.843437,regxfmr_hvmv_sub_lsb,0.930186,0.930518,0.930181,0.929858
56400.0,1,355,NEXT_STEP,False,0.945349,-1.843437,regxfmr_hvmv_sub_lsb,0.930186,0.930518,0.930181,0.929858
56700.0,1,356,NEXT_STEP,False,0.945349,-1.843437,regxfmr_hvmv_sub_lsb,0.930186,0.930518,0.930181,0.929858
57000.0,1,357,NEXT_STEP,False,0.945349,-1.843437,regxfmr_hvmv_sub_lsb,0.930186,0.930518,0.930181,0.929858
57300.0,1,358,NEXT_STEP,False,0.945349,-1.843437,regxfmr_hvmv_sub_lsb,0.930186,0.930518,0.930181,0.929858
57600.0,1,359,NEXT_STEP,False,0.945349,-1.843437,regxfmr_hvmv_sub_lsb,0.930186,0.930518,0.930181,0.929858
57900.0,1,360,NEXT_STEP,False,0.945349,-1.843437,regxfmr_hvmv_sub_lsb,0.930186,0.930518,0.930181,0.929858
58200.0,1,361,NEXT_STEP,False,0.945349,-1.843437,regxfmr_hvmv_sub_lsb,0.930186,0.930518,0.930181,0.929858
58500.0,1,362,NEXT_STEP,False,0.945349,-1.843437,regxfmr_hvmv_sub_lsb,0.930186,0.930518,0.930181,0.929858
58800.0,1,363,NEXT_STEP,False,0.945349,-1.843437,regxfmr_hvmv_sub_lsb,0.930186,0.930518,0.930181,0.929858
59100.0,1,364,NEXT_STEP,False,0.945349,-1.843437,regxfmr_hvmv_sub_lsb,0.930186,0.930518,0.930181,0.929858
59400.0,1,365,NEXT_STEP,False,0.945349,-1.843437,regxfmr_hvmv_sub_lsb,0.930186,0.930518,0.930181,0.929858
59700.0,1,366,NEXT_STEP,False,0.945349,-1.843437,regxfmr_hvmv_sub_lsb,0.930186,0.930518,0.930181,0.929858
60000.0,1,367,NEXT_STEP,False,0.945349,-1.843437,regxfmr_hvmv_sub_lsb,0.930186,0.930518,0.930181,0.929858
60300.0,1,368,NEXT_STEP,False,0.945349,-1.843437,regxfmr_hvmv_sub_lsb,0.930186,0.930518,0.930181,0.929858
60600.0,1,369,NEXT_STEP,False,0.945349,-1.843437,regxfmr_hvmv_sub_lsb,0.930186,0.930518,0.930181,0.929858
60900.0,1,370,NEXT_STEP,False,0.945349,-1.843437,regxfmr_hvmv_sub_lsb,0.930186,0.930518,0.930181,0.929858
61200.0,1,371,NEXT_STEP,False,0.945349,-1.843437,regxfmr_hvmv_sub_lsb,0.930186,0.930518,0.930181,0.929858
61500.0,1,372,NEXT_STEP,False,0.945349,-1.843437,regxfmr_hvmv_sub_lsb,0.930186,0.930518,0.930181,0.929858
61800.0,1,373,NEXT_STEP,False,0.945349,-1.843437,regxfmr_hvmv_sub_lsb,0.930186,0.930518,0.930181,0.929858
62100.0,1,374,NEXT_STEP,False,0.945349,-1.843437,regxfmr_hvmv_sub_lsb,0.930186,0.930518,0.930181,0.929858
62400.0,1,375,NEXT_STEP,False,0.945349,-1.843437,regxfmr_hvmv_sub_lsb,0.930186,0.930518,0.930181,0.929858
62700.0,1,376,NEXT_STEP,False,0.945349,-1.843437,regxfmr_hvmv_sub_lsb,0.930186,0.930518,0.930181,0.929858
63000.0,1,377,NEXT_STEP,False,0.945349,-1.843437,regxfmr_hvmv_sub_lsb,0.930186,0.930518,0.930181,0.929858
63300.0,1,378,NEXT_STEP,False,0.945349,-1.843437,regxfmr_hvmv_sub_lsb,0.930186,0.930518,0.930181,0.929858
63600.0,1,379,NEXT_STEP,False,0.945349,-1.843437,regxfmr_hvmv_sub_lsb,0.930186,0.930518,0.930181,0.929858
63900.0,1,380,NEXT_STEP,False,0.945349,-1.843437,regxfmr_hvmv_sub_lsb,0.930186,0.930518,0.930181,0.929858
64200.0,1,381,NEXT_STEP,False,0.945349,-1.843437,regxfmr_hvmv_sub_lsb,0.930186,0.930518,0.930181,0.929858
64500.0,1,382,NEXT_STEP,False,0.945349,-1.843437,regxfmr_hvmv_sub_lsb,0.930186,0.930518,0.930181,0.929858
64800.0,1,383,NEXT_STEP,False,0.945349,-1.843437,regxfmr_hvmv_sub_lsb,0.930186,0.930518,0.930181,0.929858
65100.0,1,384,NEXT_STEP,False,0.945349,-1.843437,regxfmr_hvmv_sub_lsb,0.930186,0.930518,0.930181,0.929858
65400.0,1,385,NEXT_STEP,False,0.945349,-1.843437,regxfmr_hvmv_sub_lsb,0.930186,0.930518,0.930181,0.929858
65700.0,1,386,NEXT_STEP,False,0.945349,-1.843437,regxfmr_hvmv_sub_lsb,0.930186,0.930518,0.930181,0.929858
66000.0,1,387,NEXT_STEP,False,0.945349,-1.843437,regxfmr_hvmv_sub_lsb,0.930186,0.930518,0.930181,0.929858
66300.0,1,388,NEXT_STEP,False,0.945349,-1.843437,regxfmr_hvmv_sub_lsb,0.930186,0.930518,0.930181,0.929858
66600.0,1,389,NEXT_STEP,False,0.945349,-1.843437,regxfmr_hvmv_sub_lsb,0.930186,0.930518,0.930181,0.929858
66900.0,1,390,NEXT_STEP,False,0.945349,-1.843437,regxfmr_hvmv_sub_lsb,0.930186,0.930518,0.930181,0.929858
67200.0,1,391,NEXT_STEP,False,0.945349,-1.843437,regxfmr_hvmv_sub_lsb,0.930186,0.930518,0.930181,0.929858
67500.0,1,392,NEXT_STEP,False,0.945349,-1.843437,regxfmr_hvmv_sub_lsb,0.930186,0.930518,0.930181,0.929858
67800.0,1,393,NEXT_STEP,False,0.945349,-1.843437,regxfmr_hvmv_sub_lsb,0.930186,0.930518,0.930181,0.929858
68100.0,1,394,NEXT_STEP,False,0.945349,-1.843437,regxfmr_hvmv_sub_lsb,0.930186,0.930518,0.930181,0.929858
68400.0,1,395,NEXT_STEP,False,0.945349,-1.843437,regxfmr_hvmv_sub_lsb,0.930186,0.930518,0.930181,0.929858
68700.0,1,396,NEXT_STEP,False,0.945349,-1.843437,regxfmr_hvmv_sub_lsb,0.930186,0.930518,0.930181,0.929858
69000.0,1,397,NEXT_STEP,False,0.945349,-1.843437,regxfmr_hvmv_sub_lsb,0.930186,0.930518,0.930181,0.929858
69300.0,1,398,NEXT_STEP,False,0.945349,-1.843437,regxfmr_hvmv_sub_lsb,0.930186,0.930518,0.930181,0.929858
69600.0,1,399,NEXT_STEP,False,0.945349,-1.843437,regxfmr_hvmv_sub_lsb,0.930186,0.930518,0.930181,0.929858
69900.0,1,400,NEXT_STEP,False,0.945349,-1.843437,regxfmr_hvmv_sub_lsb,0.930186,0.930518,0.930181,0.929858
70200.0,1,401,NEXT_STEP,False,0.945349,-1.843437,regxfmr_hvmv_sub_lsb,0.930186,0.930518,0.930181,0.929858
70500.0,1,402,NEXT_STEP,False,0.945349,-1.843437,regxfmr_hvmv_sub_lsb,0.930186,0.930518,0.930181,0.929858
70800.0,1,403,NEXT_STEP,False,0.945349,-1.843437,regxfmr_hvmv_sub_lsb,0.930186,0.930518,0.930181,0.929858
71100.0,1,404,NEXT_STEP,False,0.945349,-1.843437,regxfmr_hvmv_sub_lsb,0.930186,0.930518,0.930181,0.929858
71400.0,1,405,NEXT_STEP,False,0.945349,-1.843437,regxfmr_hvmv_sub_lsb,0.930186,0.930518,0.930181,0.929858
71700.0,1,406,NEXT_STEP,False,0.945349,-1.843437,regxfmr_hvmv_sub_lsb,0.930186,0.930518,0.930181,0.929858
72000.0,1,407,NEXT_STEP,False,0.945349,-1.843437,regxfmr_hvmv_sub_lsb,0.930186,0.930518,0.930181,0.929858
72300.0,1,408,NEXT_STEP,False,0.945349,-1.843437,regxfmr_hvmv_sub_lsb,0.930186,0.930518,0.930181,0.929858
72600.0,1,409,NEXT_STEP,False,0.945349,-1.843437,regxfmr_hvmv_sub_lsb,0.930186,0.930518,0.930181,0.929858
72900.0,1,410,NEXT_STEP,False,0.945349,-1.843437,regxfmr_hvmv_sub_lsb,0.930186,0.930518,0.930181,0.929858
73200.0,1,411,NEXT_STEP,False,0.945349,-1.843437,regxfmr_hvmv_sub_lsb,0.930186,0.930518,0.930181,0.929858
73500.0,1,412,NEXT_STEP,False,0.945349,-1.843437,regxfmr_hvmv_sub_lsb,0.930186,0.930518,0.930181,0.929858
73800.0,1,413,NEXT_STEP,False,0.945349,-1.843437,regxfmr_hvmv_sub_lsb,0.930186,0.930518,0.930181,0.929858
74100.0,1,414,NEXT_STEP,False,0.945349,-1.843437,regxfmr_hvmv_sub_lsb,0.930186,0.930518,0.930181,0.929858
74400.0,1,415,NEXT_STEP,False,0.945349,-1.843437,regxfmr_hvmv_sub_lsb,0.930186,0.930518,0.930181,0.929858
74700.0,1,416,NEXT_STEP,False,0.945349,-1.843437,regxfmr_hvmv_sub_lsb,0.930186,0.930518,0.930181,0.929858
75000.0,1,417,NEXT_STEP,False,0.945349,-1.843437,regxfmr_hvmv_sub_lsb,0.930186,0.930518,0.930181,0.929858
75300.0,1,418,NEXT_STEP,False,0.945349,-1.843437,regxfmr_hvmv_sub_lsb,0.930186,0.930518,0.930181,0.929858
75600.0,1,419,NEXT_STEP,False,0.945349,-1.843437,regxfmr_hvmv_sub_lsb,0.930186,0.930518,0.930181,0.929858
75900.0,1,420,NEXT_STEP,False,0.945349,-1.843437,regxfmr_hvmv_sub_lsb,0.930186,0.930518,0.930181,0.929858
76200.0,1,421,NEXT_STEP,False,0.945349,-1.843437,regxfmr_hvmv_sub_lsb,0.930186,0.930518,0.930181,0.929858
76500.0,1,422,NEXT_STEP,False,0.945349,-1.843437,regxfmr_hvmv_sub_lsb,0.930186,0.930518,0.930181,0.929858
76800.0,1,423,NEXT_STEP,False,0.945349,-1.843437,regxfmr_hvmv_sub_lsb,0.930186,0.930518,0.930181,0.929858
77100.0,1,424,NEXT_STEP,False,0.945349,-1.843437,regxfmr_hvmv_sub_lsb,0.930186,0.930518,0.930181,0.929858
77400.0,1,425,NEXT_STEP,False,0.945349,-1.843437,regxfmr_hvmv_sub_lsb,0.930186,0.930518,0.930181,0.929858
77700.0,1,426,NEXT_STEP,False,0.945349,-1.843437,regxfmr_hvmv_sub_lsb,0.930186,0.930518,0.930181,0.929858
78000.0,1,427,NEXT_STEP,False,0.945349,-1.843437,regxfmr_hvmv_sub_lsb,0.930186,0.930518,0.930181,0.929858
78300.0,1,428,NEXT_STEP,False,0.945349,-1.843437,regxfmr_hvmv_sub_lsb,0.930186,0.930518,0.930181,0.929858
78600.0,1,429,NEXT_STEP,False,0.945349,-1.843437,regxfmr_hvmv_sub_lsb,0.930186,0.930518,0.930181,0.929858
78900.0,1,430,NEXT_STEP,False,0.945349,-1.843437,regxfmr_hvmv_sub_lsb,0.930186,0.930518,0.930181,0.929858
79200.0,1,431,NEXT_STEP,False,0.945349,-1.843437,regxfmr_hvmv_sub_lsb,0.930186,0.930518,0.930181,0.929858
79500.0,1,432,NEXT_STEP,False,0.945349,-1.843437,regxfmr_hvmv_sub_lsb,0.930186,0.930518,0.930181,0.929858
79800.0,1,433,NEXT_STEP,False,0.945349,-1.843437,regxfmr_hvmv_sub_lsb,0.930186,0.930518,0.930181,0.929858
80100.0,1,434,NEXT_STEP,False,0.945349,-1.843437,regxfmr_hvmv_sub_lsb,0.930186,0.930518,0.930181,0.929858
80400.0,1,435,NEXT_STEP,False,0.945349,-1.843437,regxfmr_hvmv_sub_lsb,0.930186,0.930518,0.930181,0.929858
80700.0,1,436,NEXT_STEP,False,0.945349,-1.843437,regxfmr_hvmv_sub_lsb,0.930186,0.930518,0.930181,0.929858
81000.0,1,437,NEXT_STEP,False,0.945349,-1.843437,regxfmr_hvmv_sub_lsb,0.930186,0.930518,0.930181,0.929858
81300.0,1,438,NEXT_STEP,False,0.945349,-1.843437,regxfmr_hvmv_sub_lsb,0.930186,0.930518,0.930181,0.929858
81600.0,1,439,NEXT_STEP,False,0.945349,-1.843437,regxfmr_hvmv_sub_lsb,0.930186,0.930518,0.930181,0.929858
81900.0,1,440,NEXT_STEP,False,0.945349,-1.843437,regxfmr_hvmv_sub_lsb,0.930186,0.930518,0.930181,0.929858
82200.0,1,441,NEXT_STEP,False,0.945349,-1.843437,regxfmr_hvmv_sub_lsb,0.930186,0.930518,0.930181,0.929858
82500.0,1,442,NEXT_STEP,False,0.945349,-1.843437,regxfmr_hvmv_sub_lsb,0.930186,0.930518,0.930181,0.929858
82800.0,1,443,NEXT_STEP,False,0.945349,-1.843437,regxfmr_hvmv_sub_lsb,0.930186,0.930518,0.930181,0.929858
83100.0,1,444,NEXT_STEP,False,0.945349,-1.843437,regxfmr_hvmv_sub_lsb,0.930186,0.930518,0.930181,0.929858
83400.0,1,445,NEXT_STEP,False,0.945349,-1.843437,regxfmr_hvmv_sub_lsb,0.930186,0.930518,0.930181,0.929858
83700.0,1,446,NEXT_STEP,False,0.945349,-1.843437,regxfmr_hvmv_sub_lsb,0.930186,0.930518,0.930181,0.929858
84000.0,1,447,NEXT_STEP,False,0.945349,-1.843437,regxfmr_hvmv_sub_lsb,0.930186,0.930518,0.930181,0.929858
84300.0,1,448,NEXT_STEP,False,0.945349,-1.843437,regxfmr_hvmv_sub_lsb,0.930186,0.930518,0.930181,0.929858
84600.0,1,449,NEXT_STEP,False,0.945349,-1.843437,regxfmr_hvmv_sub_lsb,0.930186,0.930518,0.930181,0.929858
84900.0,1,450,NEXT_STEP,False,0.945349,-1.843437,regxfmr_hvmv_sub_lsb,0.930186,0.930518,0.930181,0.929858
85200.0,1,451,NEXT_STEP,False,0.945349,-1.843437,regxfmr_hvmv_sub_lsb,0.930186,0.930518,0.930181,0.929858
85500.0,1,452,NEXT_STEP,False,0.945349,-1.843437,regxfmr_hvmv_sub_lsb,0.930186,0.930518,0.930181,0.929858
85800.0,1,453,NEXT_STEP,False,0.945349,-1.843437,regxfmr_hvmv_sub_lsb,0.930186,0.930518,0.930181,0.929858
86100.0,1,454,NEXT_STEP,False,0.945349,-1.843437,regxfmr_hvmv_sub_lsb,0.930186,0.930518,0.930181,0.929858
86400.0,1,455,NEXT_STEP,False,0.945349,-1.843437,regxfmr_hvmv_sub_lsb,0.930186,0.930518,0.930181,0.929858
