iter,t_granted,state,P_total,Q_total,updated,n_feeders,Vmag,Vang_rad
1,0.0,ITERATING,1.0773,0.1863,10,10,0.946313,-0.022709
2,0.0,ITERATING,1.0597,0.1839,10,10,0.946405,-0.022696
3,0.0,ITERATING,1.0482,0.1821,10,10,0.946663,-0.020544
4,0.0,ITERATING,1.0406,0.1808,10,10,0.94685,-0.018979
5,0.0,ITERATING,1.0356,0.1799,10,10,0.946976,-0.017933
6,0.0,ITERATING,1.0326,0.1793,10,10,0.947051,-0.017317
7,0.0,ITERATING,1.0305,0.1789,10,10,0.947107,-0.016872
8,0.0,ITERATING,1.0292,0.1787,10,10,0.947139,-0.016606
9,0.0,ITERATING,1.0284,0.1785,10,10,0.947161,-0.01643
10,0.0,ITERATING,1.028,0.1784,10,10,0.947172,-0.016341
11,0.0,ITERATING,1.0275,0.1783,10,10,0.947183,-0.016254
12,0.0,ITERATING,1.0273,0.1783,10,10,0.947188,-0.016209
13,0.0,ITERATING,1.0271,0.1783,10,10,0.947193,-0.016166
14,0.0,ITERATING,1.0271,0.1783,10,10,0.947193,-0.016165
15,0.0,ITERATING,1.0271,0.1783,10,10,0.947193,-0.016165
16,0.0,ITERATING,1.0269,0.1782,10,10,0.947197,-0.016122
17,0.0,ITERATING,1.0269,0.1782,10,10,0.947198,-0.016122
18,0.0,ITERATING,1.0269,0.1782,10,10,0.947198,-0.016122
19,0.0,ITERATING,1.0269,0.1782,10,10,0.947198,-0.016122
20,0.0,ITERATING,1.0269,0.1782,10,10,0.947198,-0.016122
21,0.0,ITERATING,1.0269,0.1782,10,10,0.947198,-0.016122
22,0.0,ITERATING,1.0269,0.1782,10,10,0.947198,-0.016122
23,0.0,ITERATING,1.0269,0.1782,10,10,0.947198,-0.016122
24,0.0,ITERATING,1.0269,0.1782,10,10,0.947198,-0.016122
25,0.0,ITERATING,1.0269,0.1782,10,10,0.947198,-0.016122
26,0.0,ITERATING,1.0269,0.1782,10,10,0.947198,-0.016122
27,0.0,ITERATING,1.0269,0.1782,10,10,0.947198,-0.016122
28,0.0,ITERATING,1.0269,0.1782,10,10,0.947199,-0.016122
29,0.0,ITERATING,1.0269,0.1782,10,10,0.947199,-0.016122
30,0.0,ITERATING,1.0269,0.1782,10,10,0.947199,-0.016122
31,0.0,ITERATING,1.0269,0.1782,10,10,0.947199,-0.016122
32,0.0,ITERATING,1.0269,0.1782,10,10,0.947199,-0.016122
33,0.0,ITERATING,1.0269,0.1782,10,10,0.947199,-0.016122
34,0.0,ITERATING,1.0269,0.1782,10,10,0.947199,-0.016122
35,0.0,ITERATING,1.0269,0.1782,10,10,0.947199,-0.016122
36,0.0,ITERATING,1.0269,0.1782,10,10,0.947199,-0.016122
37,0.0,ITERATING,1.0269,0.1782,10,10,0.947199,-0.016122
38,0.0,ITERATING,1.0269,0.1782,10,10,0.947199,-0.016122
39,0.0,ITERATING,1.0269,0.1782,10,10,0.947199,-0.016122
40,0.01,NEXT_STEP,1.0269,0.1782,10,10,0.947199,-0.016122
41,0.01,ITERATING,1.0269,0.1782,10,10,0.947199,-0.016122
42,0.02,NEXT_STEP,1.0269,0.1782,10,10,0.947199,-0.016122
43,0.02,ITERATING,1.0269,0.1782,10,10,0.947199,-0.016122
44,0.03,NEXT_STEP,1.0269,0.1782,10,10,0.947199,-0.016122
45,0.03,ITERATING,1.0269,0.1782,10,10,0.947199,-0.016122
46,0.04,NEXT_STEP,1.0269,0.1782,10,10,0.947199,-0.016122
47,0.04,ITERATING,1.0269,0.1782,10,10,0.947199,-0.016122
48,0.05,NEXT_STEP,1.0269,0.1782,10,10,0.947199,-0.016122
49,0.05,ITERATING,1.0269,0.1782,10,10,0.947199,-0.016122
50,0.06,NEXT_STEP,1.0269,0.1782,10,10,0.947199,-0.016122
51,0.06,ITERATING,1.0269,0.1782,10,10,0.947199,-0.016122
52,0.07,NEXT_STEP,1.0269,0.1782,10,10,0.947199,-0.016122
53,0.07,ITERATING,1.0269,0.1782,10,10,0.947199,-0.016122
54,0.08,NEXT_STEP,1.0269,0.1782,10,10,0.947199,-0.016122
55,0.09,NEXT_STEP,1.0269,0.1782,0,10,0.947199,-0.016122
56,0.09,ITERATING,1.0269,0.1782,10,10,0.947199,-0.016122
57,0.1,NEXT_STEP,1.0269,0.1782,10,10,0.947199,-0.016122
58,0.1,ITERATING,1.0269,0.1782,10,10,0.947199,-0.016122
59,0.11,NEXT_STEP,1.0269,0.1782,10,10,0.947199,-0.016122
60,0.12,NEXT_STEP,1.0269,0.1782,0,10,0.947199,-0.016122
61,0.13,NEXT_STEP,1.0269,0.1782,0,10,0.947199,-0.016122
62,0.14,NEXT_STEP,1.0269,0.1782,0,10,0.947199,-0.016122
63,0.15,NEXT_STEP,1.0269,0.1782,0,10,0.947199,-0.016122
64,0.16,NEXT_STEP,1.0269,0.1782,0,10,0.947199,-0.016122
65,0.17,NEXT_STEP,1.0269,0.1782,0,10,0.947199,-0.016122
66,0.18,NEXT_STEP,1.0269,0.1782,0,10,0.947199,-0.016122
67,0.19,NEXT_STEP,1.0269,0.1782,0,10,0.947199,-0.016122
68,0.2,NEXT_STEP,1.0269,0.1782,0,10,0.947199,-0.016122
69,0.21,NEXT_STEP,1.0269,0.1782,0,10,0.947199,-0.016122
70,0.22,NEXT_STEP,1.0269,0.1782,0,10,0.947199,-0.016122
71,0.23,NEXT_STEP,1.0269,0.1782,0,10,0.947199,-0.016122
72,0.24,NEXT_STEP,1.0269,0.1782,0,10,0.947199,-0.016122
73,0.25,NEXT_STEP,1.0269,0.1782,0,10,0.947199,-0.016122
74,0.26,NEXT_STEP,1.0269,0.1782,0,10,0.947199,-0.016122
75,0.27,NEXT_STEP,1.0269,0.1782,0,10,0.947199,-0.016122
76,0.28,NEXT_STEP,1.0269,0.1782,0,10,0.947199,-0.016122
77,0.29,NEXT_STEP,1.0269,0.1782,0,10,0.947199,-0.016122
78,0.3,NEXT_STEP,1.0269,0.1782,0,10,0.947199,-0.016122
79,0.31,NEXT_STEP,1.0269,0.1782,0,10,0.947199,-0.016122
80,0.32,NEXT_STEP,1.0269,0.1782,0,10,0.947199,-0.016122
81,0.33,NEXT_STEP,1.0269,0.1782,0,10,0.947199,-0.016122
82,0.34,NEXT_STEP,1.0269,0.1782,0,10,0.947199,-0.016122
83,0.35,NEXT_STEP,1.0269,0.1782,0,10,0.947199,-0.016122
84,0.36,NEXT_STEP,1.0269,0.1782,0,10,0.947199,-0.016122
85,0.37,NEXT_STEP,1.0269,0.1782,0,10,0.947199,-0.016122
86,0.38,NEXT_STEP,1.0269,0.1782,0,10,0.947199,-0.016122
87,0.39,NEXT_STEP,1.0269,0.1782,0,10,0.947199,-0.016122
88,0.4,NEXT_STEP,1.0269,0.1782,0,10,0.947199,-0.016122
89,0.41,NEXT_STEP,1.0269,0.1782,0,10,0.947199,-0.016122
90,0.42,NEXT_STEP,1.0269,0.1782,0,10,0.947199,-0.016122
91,0.43,NEXT_STEP,1.0269,0.1782,0,10,0.947199,-0.016122
92,0.44,NEXT_STEP,1.0269,0.1782,0,10,0.947199,-0.016122
93,0.45,NEXT_STEP,1.0269,0.1782,0,10,0.947199,-0.016122
94,0.46,NEXT_STEP,1.0269,0.1782,0,10,0.947199,-0.016122
95,0.47,NEXT_STEP,1.0269,0.1782,0,10,0.947199,-0.016122
96,0.48,NEXT_STEP,1.0269,0.1782,0,10,0.947199,-0.016122
97,0.49,NEXT_STEP,1.0269,0.1782,0,10,0.947199,-0.016122
98,0.5,NEXT_STEP,1.0269,0.1782,0,10,0.947199,-0.016122
99,0.51,NEXT_STEP,1.0269,0.1782,0,10,0.947199,-0.016122
100,0.52,NEXT_STEP,1.0269,0.1782,0,10,0.947199,-0.016122
101,0.53,NEXT_STEP,1.0269,0.1782,0,10,0.947199,-0.016122
102,0.54,NEXT_STEP,1.0269,0.1782,0,10,0.947199,-0.016122
103,0.55,NEXT_STEP,1.0269,0.1782,0,10,0.947199,-0.016122
104,0.56,NEXT_STEP,1.0269,0.1782,0,10,0.947199,-0.016122
105,0.57,NEXT_STEP,1.0269,0.1782,0,10,0.947199,-0.016122
106,0.58,NEXT_STEP,1.0269,0.1782,0,10,0.947199,-0.016122
107,0.59,NEXT_STEP,1.0269,0.1782,0,10,0.947199,-0.016122
108,0.6,NEXT_STEP,1.0269,0.1782,0,10,0.947199,-0.016122
109,0.61,NEXT_STEP,1.0269,0.1782,0,10,0.947199,-0.016122
110,0.62,NEXT_STEP,1.0269,0.1782,0,10,0.947199,-0.016122
111,0.63,NEXT_STEP,1.0269,0.1782,0,10,0.947199,-0.016122
112,0.64,NEXT_STEP,1.0269,0.1782,0,10,0.947199,-0.016122
113,0.65,NEXT_STEP,1.0269,0.1782,0,10,0.947199,-0.016122
114,0.66,NEXT_STEP,1.0269,0.1782,0,10,0.947199,-0.016122
115,0.67,NEXT_STEP,1.0269,0.1782,0,10,0.947199,-0.016122
116,0.68,NEXT_STEP,1.0269,0.1782,0,10,0.947199,-0.016122
117,0.69,NEXT_STEP,1.0269,0.1782,0,10,0.947199,-0.016122
118,0.7,NEXT_STEP,1.0269,0.1782,0,10,0.947199,-0.016122
119,0.71,NEXT_STEP,1.0269,0.1782,0,10,0.947199,-0.016122
120,0.72,NEXT_STEP,1.0269,0.1782,0,10,0.947199,-0.016122
121,0.73,NEXT_STEP,1.0269,0.1782,0,10,0.947199,-0.016122
122,0.74,NEXT_STEP,1.0269,0.1782,0,10,0.947199,-0.016122
123,0.75,NEXT_STEP,1.0269,0.1782,0,10,0.947199,-0.016122
124,0.76,NEXT_STEP,1.0269,0.1782,0,10,0.947199,-0.016122
125,0.77,NEXT_STEP,1.0269,0.1782,0,10,0.947199,-0.016122
126,0.78,NEXT_STEP,1.0269,0.1782,0,10,0.947199,-0.016122
127,0.79,NEXT_STEP,1.0269,0.1782,0,10,0.947199,-0.016122
128,0.8,NEXT_STEP,1.0269,0.1782,0,10,0.947199,-0.016122
129,0.81,NEXT_STEP,1.0269,0.1782,0,10,0.947199,-0.016122
130,0.82,NEXT_STEP,1.0269,0.1782,0,10,0.947199,-0.016122
131,0.83,NEXT_STEP,1.0269,0.1782,0,10,0.947199,-0.016122
132,0.84,NEXT_STEP,1.0269,0.1782,0,10,0.947199,-0.016122
133,0.85,NEXT_STEP,1.0269,0.1782,0,10,0.947199,-0.016122
134,0.86,NEXT_STEP,1.0269,0.1782,0,10,0.947199,-0.016122
135,0.87,NEXT_STEP,1.0269,0.1782,0,10,0.947199,-0.016122
136,0.88,NEXT_STEP,1.0269,0.1782,0,10,0.947199,-0.016122
137,0.89,NEXT_STEP,1.0269,0.1782,0,10,0.947199,-0.016122
138,0.9,NEXT_STEP,1.0269,0.1782,0,10,0.947199,-0.016122
139,0.91,NEXT_STEP,1.0269,0.1782,0,10,0.947199,-0.016122
140,0.92,NEXT_STEP,1.0269,0.1782,0,10,0.947199,-0.016122
141,0.93,NEXT_STEP,1.0269,0.1782,0,10,0.947199,-0.016122
142,0.94,NEXT_STEP,1.0269,0.1782,0,10,0.947199,-0.016122
143,0.95,NEXT_STEP,1.0269,0.1782,0,10,0.947199,-0.016122
144,0.96,NEXT_STEP,1.0269,0.1782,0,10,0.947199,-0.016122
145,0.97,NEXT_STEP,1.0269,0.1782,0,10,0.947199,-0.016122
146,0.98,NEXT_STEP,1.0269,0.1782,0,10,0.947199,-0.016122
147,0.99,NEXT_STEP,1.0269,0.1782,0,10,0.947199,-0.016122
148,1.0,NEXT_STEP,1.0269,0.1782,0,10,0.947199,-0.016122
149,1.01,NEXT_STEP,1.0269,0.1782,0,10,0.28325,-0.02336
150,1.01,ITERATING,0.7346,0.1113,10,10,0.664357,0.052802
151,1.01,ITERATING,0.674,0.0977,10,10,0.669071,0.091644
152,1.01,ITERATING,0.6287,0.0877,10,10,0.670866,0.099763
153,1.01,ITERATING,0.5944,0.0801,10,10,0.672221,0.105638
154,1.01,ITERATING,0.5683,0.0745,10,10,0.673242,0.110083
155,1.01,ITERATING,0.5483,0.0702,10,10,0.674024,0.113506
156,1.01,ITERATING,0.533,0.0669,10,10,0.674619,0.116131
157,1.01,ITERATING,0.5212,0.0644,10,10,0.675078,0.11816
158,1.01,ITERATING,0.5121,0.0624,10,10,0.675431,0.11973
159,1.01,ITERATING,0.5049,0.0609,10,10,0.675707,0.120961
160,1.01,ITERATING,0.4995,0.0598,10,10,0.675917,0.121899
161,1.01,ITERATING,0.4951,0.0588,10,10,0.676087,0.122657
162,1.01,ITERATING,0.4917,0.0581,10,10,0.676217,0.123239
163,1.01,ITERATING,0.4892,0.0576,10,10,0.676314,0.123674
164,1.01,ITERATING,0.487,0.0571,10,10,0.676397,0.12405
165,1.01,ITERATING,0.4855,0.0568,10,10,0.676455,0.12431
166,1.01,ITERATING,0.4842,0.0565,10,10,0.676507,0.124541
167,1.01,ITERATING,0.4831,0.0563,10,10,0.676547,0.124719
168,1.01,ITERATING,0.4825,0.0562,10,10,0.676573,0.124833
169,1.01,ITERATING,0.4818,0.056,10,10,0.676598,0.124947
170,1.01,ITERATING,0.4813,0.0559,10,10,0.676617,0.125033
171,1.01,ITERATING,0.481,0.0559,10,10,0.676629,0.12509
172,1.01,ITERATING,0.4807,0.0558,10,10,0.676642,0.125147
173,1.01,ITERATING,0.4805,0.0558,10,10,0.676648,0.125176
174,1.01,ITERATING,0.4803,0.0557,10,10,0.676655,0.125204
175,1.01,ITERATING,0.4802,0.0557,10,10,0.676661,0.125233
176,1.01,ITERATING,0.48,0.0557,10,10,0.676667,0.125261
177,1.01,ITERATING,0.48,0.0557,10,10,0.676667,0.125261
178,1.01,ITERATING,0.4798,0.0556,10,10,0.676674,0.12529
179,1.01,ITERATING,0.4798,0.0556,10,10,0.676673,0.12529
180,1.01,ITERATING,0.4798,0.0556,10,10,0.676673,0.12529
181,1.01,ITERATING,0.4798,0.0556,10,10,0.676673,0.12529
182,1.01,ITERATING,0.4797,0.0556,10,10,0.67668,0.125319
183,1.01,ITERATING,0.4797,0.0556,10,10,0.67668,0.125318
184,1.01,ITERATING,0.4797,0.0556,10,10,0.67668,0.125318
185,1.01,ITERATING,0.4797,0.0556,10,10,0.67668,0.125318
186,1.01,ITERATING,0.4797,0.0556,10,10,0.67668,0.125318
187,1.01,ITERATING,0.4797,0.0556,10,10,0.67668,0.125318
188,1.01,ITERATING,0.4797,0.0556,10,10,0.67668,0.125318
189,1.01,ITERATING,0.4797,0.0556,10,10,0.67668,0.125318
190,1.01,ITERATING,0.4797,0.0556,10,10,0.67668,0.125318
191,1.02,NEXT_STEP,0.4797,0.0556,10,10,0.282816,-0.033517
192,1.02,ITERATING,0.4797,0.0556,10,10,0.675835,0.095137
193,1.02,ITERATING,0.3566,0.0306,10,10,0.682751,0.145965
194,1.02,ITERATING,0.3795,0.0351,10,10,0.682016,0.143088
195,1.02,ITERATING,0.4003,0.0393,10,10,0.681229,0.139461
196,1.02,ITERATING,0.4172,0.0427,10,10,0.680572,0.136412
197,1.02,ITERATING,0.4308,0.0455,10,10,0.680039,0.133952
198,1.02,ITERATING,0.4416,0.0477,10,10,0.679615,0.132003
199,1.02,ITERATING,0.4502,0.0495,10,10,0.679275,0.130445
200,1.02,ITERATING,0.4569,0.0508,10,10,0.679013,0.129247
201,1.02,ITERATING,0.4622,0.052,10,10,0.678801,0.12828
202,1.02,ITERATING,0.4665,0.0528,10,10,0.678632,0.127514
203,1.02,ITERATING,0.4698,0.0535,10,10,0.678502,0.126922
204,1.02,ITERATING,0.4724,0.0541,10,10,0.678397,0.126448
205,1.02,ITERATING,0.4744,0.0545,10,10,0.678318,0.126091
206,1.02,ITERATING,0.476,0.0548,10,10,0.678253,0.125794
207,1.02,ITERATING,0.4774,0.0551,10,10,0.678201,0.125561
208,1.02,ITERATING,0.4784,0.0553,10,10,0.678161,0.125384
209,1.02,ITERATING,0.479,0.0555,10,10,0.678136,0.12527
210,1.02,ITERATING,0.4797,0.0556,10,10,0.678111,0.125155
211,1.02,ITERATING,0.4802,0.0557,10,10,0.678092,0.125069
212,1.02,ITERATING,0.4805,0.0558,10,10,0.67808,0.125012
213,1.02,ITERATING,0.4809,0.0558,10,10,0.678067,0.124955
214,1.02,ITERATING,0.481,0.0559,10,10,0.678061,0.124926
215,1.02,ITERATING,0.4812,0.0559,10,10,0.678054,0.124897
216,1.02,ITERATING,0.4813,0.0559,10,10,0.678048,0.124869
217,1.02,ITERATING,0.4815,0.056,10,10,0.678042,0.12484
218,1.02,ITERATING,0.4815,0.056,10,10,0.678042,0.12484
219,1.02,ITERATING,0.4817,0.056,10,10,0.678035,0.124811
220,1.02,ITERATING,0.4817,0.056,10,10,0.678036,0.124812
221,1.02,ITERATING,0.4817,0.056,10,10,0.678036,0.124812
222,1.02,ITERATING,0.4818,0.056,10,10,0.678029,0.124782
223,1.02,ITERATING,0.4818,0.056,10,10,0.678029,0.124783
224,1.02,ITERATING,0.4818,0.056,10,10,0.678029,0.124783
225,1.02,ITERATING,0.4818,0.056,10,10,0.678029,0.124783
226,1.02,ITERATING,0.4818,0.056,10,10,0.678029,0.124783
227,1.02,ITERATING,0.4818,0.056,10,10,0.678029,0.124783
228,1.03,NEXT_STEP,0.4818,0.056,10,10,0.282812,-0.033612
229,1.03,ITERATING,0.4818,0.056,10,10,0.675766,0.094764
230,1.03,ITERATING,0.358,0.0309,10,10,0.682712,0.14571
231,1.03,ITERATING,0.3807,0.0354,10,10,0.681984,0.142874
232,1.03,ITERATING,0.4013,0.0395,10,10,0.681202,0.139269
233,1.03,ITERATING,0.4181,0.0429,10,10,0.68055,0.136245
234,1.03,ITERATING,0.4314,0.0456,10,10,0.680028,0.133837
235,1.03,ITERATING,0.4421,0.0478,10,10,0.67961,0.131917
236,1.03,ITERATING,0.4505,0.0495,10,10,0.679277,0.130386
237,1.03,ITERATING,0.4572,0.0509,10,10,0.679015,0.129189
238,1.03,ITERATING,0.4625,0.052,10,10,0.678802,0.128222
239,1.03,ITERATING,0.4666,0.0529,10,10,0.67864,0.127484
240,1.03,ITERATING,0.4699,0.0536,10,10,0.67851,0.126893
241,1.03,ITERATING,0.4726,0.0541,10,10,0.678405,0.126419
242,1.03,ITERATING,0.4745,0.0545,10,10,0.678326,0.126062
243,1.03,ITERATING,0.4762,0.0549,10,10,0.678261,0.125765
244,1.03,ITERATING,0.4774,0.0551,10,10,0.678213,0.125555
245,1.03,ITERATING,0.4784,0.0553,10,10,0.678175,0.125383
246,1.03,ITERATING,0.4792,0.0555,10,10,0.678144,0.125239
247,1.03,ITERATING,0.4797,0.0556,10,10,0.678125,0.125154
248,1.03,ITERATING,0.4802,0.0557,10,10,0.678106,0.125068
249,1.03,ITERATING,0.4805,0.0558,10,10,0.678094,0.125011
250,1.03,ITERATING,0.4809,0.0558,10,10,0.678081,0.124953
251,1.03,ITERATING,0.481,0.0559,10,10,0.678075,0.124925
252,1.03,ITERATING,0.4813,0.0559,10,10,0.678062,0.124867
253,1.03,ITERATING,0.4813,0.0559,10,10,0.678062,0.124867
254,1.03,ITERATING,0.4815,0.056,10,10,0.678056,0.124838
255,1.03,ITERATING,0.4817,0.056,10,10,0.678049,0.124809
256,1.03,ITERATING,0.4817,0.056,10,10,0.678049,0.12481
257,1.03,ITERATING,0.4817,0.056,10,10,0.678049,0.12481
258,1.03,ITERATING,0.4818,0.056,10,10,0.678043,0.124781
259,1.03,ITERATING,0.4818,0.056,10,10,0.678043,0.124781
260,1.03,ITERATING,0.4818,0.056,10,10,0.678043,0.124781
261,1.03,ITERATING,0.4818,0.056,10,10,0.678043,0.124781
262,1.03,ITERATING,0.4818,0.056,10,10,0.678043,0.124781
263,1.03,ITERATING,0.4818,0.056,10,10,0.678043,0.124781
264,1.03,ITERATING,0.4818,0.056,10,10,0.678043,0.124781
265,1.04,NEXT_STEP,0.4818,0.056,10,10,0.282812,-0.033612
266,1.04,ITERATING,0.4818,0.056,10,10,0.675766,0.094764
267,1.04,ITERATING,0.358,0.0309,10,10,0.682712,0.14571
268,1.04,ITERATING,0.3807,0.0354,10,10,0.681984,0.142874
269,1.04,ITERATING,0.4013,0.0395,10,10,0.681202,0.139269
270,1.04,ITERATING,0.4181,0.0429,10,10,0.68055,0.136245
271,1.04,ITERATING,0.4314,0.0456,10,10,0.680028,0.133837
272,1.04,ITERATING,0.4421,0.0478,10,10,0.67961,0.131917
273,1.04,ITERATING,0.4505,0.0495,10,10,0.679277,0.130386
274,1.04,ITERATING,0.4573,0.0509,10,10,0.679008,0.129162
275,1.04,ITERATING,0.4625,0.052,10,10,0.678802,0.128221
276,1.04,ITERATING,0.4666,0.0529,10,10,0.67864,0.127484
277,1.04,ITERATING,0.4699,0.0536,10,10,0.67851,0.126893
278,1.04,ITERATING,0.4726,0.0541,10,10,0.678405,0.126419
279,1.04,ITERATING,0.4745,0.0545,10,10,0.678326,0.126062
280,1.04,ITERATING,0.4762,0.0549,10,10,0.678261,0.125765
281,1.04,ITERATING,0.4774,0.0551,10,10,0.678213,0.125555
282,1.04,ITERATING,0.4784,0.0553,10,10,0.678175,0.125383
283,1.04,ITERATING,0.4792,0.0555,10,10,0.678144,0.125239
284,1.04,ITERATING,0.4797,0.0556,10,10,0.678125,0.125154
285,1.04,ITERATING,0.4802,0.0557,10,10,0.678106,0.125068
286,1.04,ITERATING,0.4805,0.0558,10,10,0.678094,0.125011
287,1.04,ITERATING,0.4809,0.0558,10,10,0.678081,0.124953
288,1.04,ITERATING,0.481,0.0559,10,10,0.678075,0.124925
289,1.04,ITERATING,0.4813,0.0559,10,10,0.678062,0.124867
290,1.04,ITERATING,0.4813,0.0559,10,10,0.678062,0.124867
291,1.04,ITERATING,0.4815,0.056,10,10,0.678056,0.124838
292,1.04,ITERATING,0.4817,0.056,10,10,0.678049,0.124809
293,1.04,ITERATING,0.4817,0.056,10,10,0.678049,0.12481
294,1.04,ITERATING,0.4817,0.056,10,10,0.678049,0.12481
295,1.04,ITERATING,0.4818,0.056,10,10,0.678043,0.124781
296,1.04,ITERATING,0.4818,0.056,10,10,0.678043,0.124781
297,1.04,ITERATING,0.4818,0.056,10,10,0.678043,0.124781
298,1.04,ITERATING,0.4818,0.056,10,10,0.678043,0.124781
299,1.04,ITERATING,0.4818,0.056,10,10,0.678043,0.124781
300,1.04,ITERATING,0.4818,0.056,10,10,0.678043,0.124781
301,1.04,ITERATING,0.4818,0.056,10,10,0.678043,0.124781
302,1.05,NEXT_STEP,0.4818,0.056,10,10,0.282812,-0.033612
303,1.05,ITERATING,0.4818,0.056,10,10,0.675766,0.094764
304,1.05,ITERATING,0.358,0.0309,10,10,0.682712,0.14571
305,1.05,ITERATING,0.3807,0.0354,10,10,0.681984,0.142874
306,1.05,ITERATING,0.4013,0.0395,10,10,0.681202,0.139269
307,1.05,ITERATING,0.4181,0.0429,10,10,0.68055,0.136245
308,1.05,ITERATING,0.4314,0.0456,10,10,0.680028,0.133837
309,1.05,ITERATING,0.4421,0.0478,10,10,0.67961,0.131917
310,1.05,ITERATING,0.4505,0.0495,10,10,0.679277,0.130386
311,1.05,ITERATING,0.4573,0.0509,10,10,0.679008,0.129162
312,1.05,ITERATING,0.4625,0.052,10,10,0.678802,0.128221
313,1.05,ITERATING,0.4666,0.0529,10,10,0.67864,0.127484
314,1.05,ITERATING,0.4699,0.0536,10,10,0.67851,0.126893
315,1.05,ITERATING,0.4726,0.0541,10,10,0.678405,0.126419
316,1.05,ITERATING,0.4745,0.0545,10,10,0.678326,0.126062
317,1.05,ITERATING,0.4762,0.0549,10,10,0.678261,0.125765
318,1.05,ITERATING,0.4774,0.0551,10,10,0.678213,0.125555
319,1.05,ITERATING,0.4784,0.0553,10,10,0.678175,0.125383
320,1.05,ITERATING,0.4792,0.0555,10,10,0.678144,0.125239
321,1.05,ITERATING,0.4797,0.0556,10,10,0.678125,0.125154
322,1.05,ITERATING,0.4802,0.0557,10,10,0.678106,0.125068
323,1.05,ITERATING,0.4805,0.0558,10,10,0.678094,0.125011
324,1.05,ITERATING,0.4809,0.0558,10,10,0.678081,0.124953
325,1.05,ITERATING,0.481,0.0559,10,10,0.678075,0.124925
326,1.05,ITERATING,0.4813,0.0559,10,10,0.678062,0.124867
327,1.05,ITERATING,0.4813,0.0559,10,10,0.678062,0.124867
328,1.05,ITERATING,0.4815,0.056,10,10,0.678056,0.124838
329,1.05,ITERATING,0.4817,0.056,10,10,0.678049,0.124809
330,1.05,ITERATING,0.4817,0.056,10,10,0.678049,0.12481
331,1.05,ITERATING,0.4817,0.056,10,10,0.678049,0.12481
332,1.05,ITERATING,0.4818,0.056,10,10,0.678043,0.124781
333,1.05,ITERATING,0.4818,0.056,10,10,0.678043,0.124781
334,1.05,ITERATING,0.4818,0.056,10,10,0.678043,0.124781
335,1.05,ITERATING,0.4818,0.056,10,10,0.678043,0.124781
336,1.05,ITERATING,0.4818,0.056,10,10,0.678043,0.124781
337,1.05,ITERATING,0.4818,0.056,10,10,0.678043,0.124781
338,1.05,ITERATING,0.4818,0.056,10,10,0.678043,0.124781
339,1.06,NEXT_STEP,0.4818,0.056,10,10,0.282812,-0.033612
340,1.06,ITERATING,0.4818,0.056,10,10,0.675766,0.094764
341,1.06,ITERATING,0.358,0.0309,10,10,0.682712,0.14571
342,1.06,ITERATING,0.3807,0.0354,10,10,0.681984,0.142874
343,1.06,ITERATING,0.4013,0.0395,10,10,0.681202,0.139269
344,1.06,ITERATING,0.4181,0.0429,10,10,0.68055,0.136245
345,1.06,ITERATING,0.4314,0.0456,10,10,0.680028,0.133837
346,1.06,ITERATING,0.4421,0.0478,10,10,0.67961,0.131917
347,1.06,ITERATING,0.4505,0.0495,10,10,0.679277,0.130386
348,1.06,ITERATING,0.4573,0.0509,10,10,0.679008,0.129162
349,1.06,ITERATING,0.4625,0.052,10,10,0.678802,0.128221
350,1.06,ITERATING,0.4666,0.0529,10,10,0.67864,0.127484
351,1.06,ITERATING,0.4699,0.0536,10,10,0.67851,0.126893
352,1.06,ITERATING,0.4726,0.0541,10,10,0.678405,0.126419
353,1.06,ITERATING,0.4745,0.0545,10,10,0.678326,0.126062
354,1.06,ITERATING,0.4762,0.0549,10,10,0.678261,0.125765
355,1.06,ITERATING,0.4774,0.0551,10,10,0.678213,0.125555
356,1.06,ITERATING,0.4784,0.0553,10,10,0.678175,0.125383
357,1.06,ITERATING,0.4792,0.0555,10,10,0.678144,0.125239
358,1.06,ITERATING,0.4797,0.0556,10,10,0.678125,0.125154
359,1.06,ITERATING,0.4802,0.0557,10,10,0.678106,0.125068
360,1.06,ITERATING,0.4805,0.0558,10,10,0.678094,0.125011
361,1.06,ITERATING,0.4809,0.0558,10,10,0.678081,0.124953
362,1.06,ITERATING,0.481,0.0559,10,10,0.678075,0.124925
363,1.06,ITERATING,0.4813,0.0559,10,10,0.678062,0.124867
364,1.06,ITERATING,0.4813,0.0559,10,10,0.678062,0.124867
365,1.06,ITERATING,0.4815,0.056,10,10,0.678056,0.124838
366,1.06,ITERATING,0.4817,0.056,10,10,0.678049,0.124809
367,1.06,ITERATING,0.4817,0.056,10,10,0.678049,0.12481
368,1.06,ITERATING,0.4817,0.056,10,10,0.678049,0.12481
369,1.06,ITERATING,0.4818,0.056,10,10,0.678043,0.124781
370,1.06,ITERATING,0.4818,0.056,10,10,0.678043,0.124781
371,1.06,ITERATING,0.4818,0.056,10,10,0.678043,0.124781
372,1.06,ITERATING,0.4818,0.056,10,10,0.678043,0.124781
373,1.06,ITERATING,0.4818,0.056,10,10,0.678043,0.124781
374,1.06,ITERATING,0.4818,0.056,10,10,0.678043,0.124781
375,1.06,ITERATING,0.4818,0.056,10,10,0.678043,0.124781
376,1.07,NEXT_STEP,0.4818,0.056,10,10,0.282812,-0.033612
377,1.07,ITERATING,0.4818,0.056,10,10,0.675766,0.094764
378,1.07,ITERATING,0.358,0.0309,10,10,0.682712,0.14571
379,1.07,ITERATING,0.3807,0.0354,10,10,0.681984,0.142874
380,1.07,ITERATING,0.4013,0.0395,10,10,0.681202,0.139269
381,1.07,ITERATING,0.4181,0.0429,10,10,0.68055,0.136245
382,1.07,ITERATING,0.4314,0.0456,10,10,0.680028,0.133837
383,1.07,ITERATING,0.4421,0.0478,10,10,0.67961,0.131917
384,1.07,ITERATING,0.4505,0.0495,10,10,0.679277,0.130386
385,1.07,ITERATING,0.4573,0.0509,10,10,0.679008,0.129162
386,1.07,ITERATING,0.4625,0.052,10,10,0.678802,0.128221
387,1.07,ITERATING,0.4666,0.0529,10,10,0.67864,0.127484
388,1.07,ITERATING,0.4699,0.0536,10,10,0.67851,0.126893
389,1.07,ITERATING,0.4726,0.0541,10,10,0.678405,0.126419
390,1.07,ITERATING,0.4745,0.0545,10,10,0.678326,0.126062
391,1.07,ITERATING,0.4762,0.0549,10,10,0.678261,0.125765
392,1.07,ITERATING,0.4774,0.0551,10,10,0.678213,0.125555
393,1.07,ITERATING,0.4784,0.0553,10,10,0.678175,0.125383
394,1.07,ITERATING,0.4792,0.0555,10,10,0.678144,0.125239
395,1.07,ITERATING,0.4797,0.0556,10,10,0.678125,0.125154
396,1.07,ITERATING,0.4802,0.0557,10,10,0.678106,0.125068
397,1.07,ITERATING,0.4805,0.0558,10,10,0.678094,0.125011
398,1.07,ITERATING,0.4809,0.0558,10,10,0.678081,0.124953
399,1.07,ITERATING,0.481,0.0559,10,10,0.678075,0.124925
400,1.07,ITERATING,0.4813,0.0559,10,10,0.678062,0.124867
401,1.07,ITERATING,0.4813,0.0559,10,10,0.678062,0.124867
402,1.07,ITERATING,0.4815,0.056,10,10,0.678056,0.124838
403,1.07,ITERATING,0.4817,0.056,10,10,0.678049,0.124809
404,1.07,ITERATING,0.4817,0.056,10,10,0.678049,0.12481
405,1.07,ITERATING,0.4817,0.056,10,10,0.678049,0.12481
406,1.07,ITERATING,0.4818,0.056,10,10,0.678043,0.124781
407,1.07,ITERATING,0.4818,0.056,10,10,0.678043,0.124781
408,1.07,ITERATING,0.4818,0.056,10,10,0.678043,0.124781
409,1.07,ITERATING,0.4818,0.056,10,10,0.678043,0.124781
410,1.07,ITERATING,0.4818,0.056,10,10,0.678043,0.124781
411,1.07,ITERATING,0.4818,0.056,10,10,0.678043,0.124781
412,1.07,ITERATING,0.4818,0.056,10,10,0.678043,0.124781
413,1.08,NEXT_STEP,0.4818,0.056,10,10,0.282812,-0.033612
414,1.08,ITERATING,0.4818,0.056,10,10,0.675766,0.094764
415,1.08,ITERATING,0.358,0.0309,10,10,0.682712,0.14571
416,1.08,ITERATING,0.3807,0.0354,10,10,0.681984,0.142874
417,1.08,ITERATING,0.4013,0.0395,10,10,0.681202,0.139269
418,1.08,ITERATING,0.4181,0.0429,10,10,0.68055,0.136245
419,1.08,ITERATING,0.4314,0.0456,10,10,0.680028,0.133837
420,1.08,ITERATING,0.4421,0.0478,10,10,0.67961,0.131917
421,1.08,ITERATING,0.4505,0.0495,10,10,0.679277,0.130386
422,1.08,ITERATING,0.4573,0.0509,10,10,0.679008,0.129162
423,1.08,ITERATING,0.4625,0.052,10,10,0.678802,0.128221
424,1.08,ITERATING,0.4666,0.0529,10,10,0.67864,0.127484
425,1.08,ITERATING,0.4699,0.0536,10,10,0.67851,0.126893
426,1.08,ITERATING,0.4726,0.0541,10,10,0.678405,0.126419
427,1.08,ITERATING,0.4745,0.0545,10,10,0.678326,0.126062
428,1.08,ITERATING,0.4762,0.0549,10,10,0.678261,0.125765
429,1.08,ITERATING,0.4774,0.0551,10,10,0.678213,0.125555
430,1.08,ITERATING,0.4784,0.0553,10,10,0.678175,0.125383
431,1.08,ITERATING,0.4792,0.0555,10,10,0.678144,0.125239
432,1.08,ITERATING,0.4797,0.0556,10,10,0.678125,0.125154
433,1.08,ITERATING,0.4802,0.0557,10,10,0.678106,0.125068
434,1.08,ITERATING,0.4805,0.0558,10,10,0.678094,0.125011
435,1.08,ITERATING,0.4809,0.0558,10,10,0.678081,0.124953
436,1.08,ITERATING,0.481,0.0559,10,10,0.678075,0.124925
437,1.08,ITERATING,0.4813,0.0559,10,10,0.678062,0.124867
438,1.08,ITERATING,0.4813,0.0559,10,10,0.678062,0.124867
439,1.08,ITERATING,0.4815,0.056,10,10,0.678056,0.124838
440,1.08,ITERATING,0.4817,0.056,10,10,0.678049,0.124809
441,1.08,ITERATING,0.4817,0.056,10,10,0.678049,0.12481
442,1.08,ITERATING,0.4817,0.056,10,10,0.678049,0.12481
443,1.08,ITERATING,0.4818,0.056,10,10,0.678043,0.124781
444,1.08,ITERATING,0.4818,0.056,10,10,0.678043,0.124781
445,1.08,ITERATING,0.4818,0.056,10,10,0.678043,0.124781
446,1.08,ITERATING,0.4818,0.056,10,10,0.678043,0.124781
447,1.08,ITERATING,0.4818,0.056,10,10,0.678043,0.124781
448,1.08,ITERATING,0.4818,0.056,10,10,0.678043,0.124781
449,1.08,ITERATING,0.4818,0.056,10,10,0.678043,0.124781
450,1.09,NEXT_STEP,0.4818,0.056,10,10,0.282812,-0.033612
451,1.09,ITERATING,0.4818,0.056,10,10,0.675766,0.094764
452,1.09,ITERATING,0.358,0.0309,10,10,0.682712,0.14571
453,1.09,ITERATING,0.3807,0.0354,10,10,0.681984,0.142874
454,1.09,ITERATING,0.4013,0.0395,10,10,0.681202,0.139269
455,1.09,ITERATING,0.4181,0.0429,10,10,0.68055,0.136245
456,1.09,ITERATING,0.4314,0.0456,10,10,0.680028,0.133837
457,1.09,ITERATING,0.4421,0.0478,10,10,0.67961,0.131917
458,1.09,ITERATING,0.4505,0.0495,10,10,0.679277,0.130386
459,1.09,ITERATING,0.4573,0.0509,10,10,0.679008,0.129162
460,1.09,ITERATING,0.4625,0.052,10,10,0.678802,0.128221
461,1.09,ITERATING,0.4666,0.0529,10,10,0.67864,0.127484
462,1.09,ITERATING,0.4699,0.0536,10,10,0.67851,0.126893
463,1.09,ITERATING,0.4726,0.0541,10,10,0.678405,0.126419
464,1.09,ITERATING,0.4745,0.0545,10,10,0.678326,0.126062
465,1.09,ITERATING,0.4762,0.0549,10,10,0.678261,0.125765
466,1.09,ITERATING,0.4774,0.0551,10,10,0.678213,0.125555
467,1.09,ITERATING,0.4784,0.0553,10,10,0.678175,0.125383
468,1.09,ITERATING,0.4792,0.0555,10,10,0.678144,0.125239
469,1.09,ITERATING,0.4797,0.0556,10,10,0.678125,0.125154
470,1.09,ITERATING,0.4802,0.0557,10,10,0.678106,0.125068
471,1.09,ITERATING,0.4805,0.0558,10,10,0.678094,0.125011
472,1.09,ITERATING,0.4809,0.0558,10,10,0.678081,0.124953
473,1.09,ITERATING,0.481,0.0559,10,10,0.678075,0.124925
474,1.09,ITERATING,0.4813,0.0559,10,10,0.678062,0.124867
475,1.09,ITERATING,0.4813,0.0559,10,10,0.678062,0.124867
476,1.09,ITERATING,0.4815,0.056,10,10,0.678056,0.124838
477,1.09,ITERATING,0.4817,0.056,10,10,0.678049,0.124809
478,1.09,ITERATING,0.4817,0.056,10,10,0.678049,0.12481
479,1.09,ITERATING,0.4817,0.056,10,10,0.678049,0.12481
480,1.09,ITERATING,0.4818,0.056,10,10,0.678043,0.124781
481,1.09,ITERATING,0.4818,0.056,10,10,0.678043,0.124781
482,1.09,ITERATING,0.4818,0.056,10,10,0.678043,0.124781
483,1.09,ITERATING,0.4818,0.056,10,10,0.678043,0.124781
484,1.09,ITERATING,0.4818,0.056,10,10,0.678043,0.124781
485,1.09,ITERATING,0.4818,0.056,10,10,0.678043,0.124781
486,1.09,ITERATING,0.4818,0.056,10,10,0.678043,0.124781
487,1.1,NEXT_STEP,0.4818,0.056,10,10,0.947199,-0.033612
488,1.1,ITERATING,0.4818,0.056,10,10,0.675768,0.099064
489,1.1,ITERATING,0.5723,0.0753,10,10,0.67454,0.10911
490,1.1,ITERATING,0.5528,0.0711,10,10,0.675303,0.112539
491,1.1,ITERATING,0.537,0.0677,10,10,0.675914,0.115246
492,1.1,ITERATING,0.5247,0.0651,10,10,0.676394,0.117379
493,1.1,ITERATING,0.5154,0.0631,10,10,0.676753,0.118983
494,1.1,ITERATING,0.508,0.0616,10,10,0.677037,0.120256
495,1.1,ITERATING,0.5022,0.0603,10,10,0.67726,0.121257
496,1.1,ITERATING,0.4978,0.0594,10,10,0.67743,0.122019
497,1.1,ITERATING,0.4942,0.0587,10,10,0.677567,0.122633
498,1.1,ITERATING,0.4915,0.0581,10,10,0.67767,0.123099
499,1.1,ITERATING,0.4895,0.0577,10,10,0.677748,0.123449
500,1.1,ITERATING,0.4879,0.0573,10,10,0.677812,0.123739
501,1.1,ITERATING,0.4865,0.057,10,10,0.677864,0.123971
502,1.1,ITERATING,0.4855,0.0568,10,10,0.677904,0.124149
503,1.1,ITERATING,0.4847,0.0566,10,10,0.677936,0.124293
504,1.1,ITERATING,0.4842,0.0565,10,10,0.677955,0.124379
505,1.1,ITERATING,0.4837,0.0564,10,10,0.677974,0.124466
506,1.1,ITERATING,0.4833,0.0564,10,10,0.677986,0.124523
507,1.1,ITERATING,0.483,0.0563,10,10,0.677999,0.12458
508,1.1,ITERATING,0.4827,0.0562,10,10,0.678012,0.124638
509,1.1,ITERATING,0.4825,0.0562,10,10,0.678018,0.124666
510,1.1,ITERATING,0.4823,0.0561,10,10,0.678024,0.124695
511,1.1,ITERATING,0.4823,0.0562,10,10,0.678024,0.124695
512,1.1,ITERATING,0.4822,0.0561,10,10,0.678031,0.124724
513,1.1,ITERATING,0.4822,0.0561,10,10,0.67803,0.124724
514,1.1,ITERATING,0.4822,0.0561,10,10,0.67803,0.124724
515,1.1,ITERATING,0.482,0.0561,10,10,0.678037,0.124753
516,1.1,ITERATING,0.482,0.0561,10,10,0.678037,0.124752
517,1.1,ITERATING,0.482,0.0561,10,10,0.678037,0.124752
518,1.1,ITERATING,0.482,0.0561,10,10,0.678037,0.124752
519,1.1,ITERATING,0.482,0.0561,10,10,0.678037,0.124752
520,1.1,ITERATING,0.482,0.0561,10,10,0.678037,0.124752
521,1.1,ITERATING,0.482,0.0561,10,10,0.678037,0.124752
522,1.1,ITERATING,0.482,0.0561,10,10,0.678037,0.124752
523,1.1,ITERATING,0.482,0.0561,10,10,0.678037,0.124752
524,1.11,NEXT_STEP,0.4818,0.056,10,10,0.948893,-0.006048
525,1.11,ITERATING,0.4818,0.056,10,10,0.961479,0.093538
526,1.11,ITERATING,0.5739,0.0757,10,10,0.95945,0.077982
527,1.11,ITERATING,0.6604,0.0947,10,10,0.957169,0.060113
528,1.11,ITERATING,0.733,0.111,10,10,0.955213,0.044925
529,1.11,ITERATING,0.7925,0.1245,10,10,0.953598,0.032509
530,1.11,ITERATING,0.8409,0.1356,10,10,0.952278,0.022434
531,1.11,ITERATING,0.8799,0.1447,10,10,0.951208,0.014321
532,1.11,ITERATING,0.9109,0.1519,10,10,0.950356,0.007881
533,1.11,ITERATING,0.9358,0.1577,10,10,0.94967,0.002725
534,1.11,ITERATING,0.9555,0.1623,10,10,0.949129,-0.001337
535,1.11,ITERATING,0.971,0.166,10,10,0.9487,-0.004555
536,1.11,ITERATING,0.9833,0.1689,10,10,0.948361,-0.0071
537,1.11,ITERATING,0.9929,0.171,10,10,0.948102,-0.009078
538,1.11,ITERATING,1.0001,0.1726,10,10,0.947908,-0.010568
539,1.11,ITERATING,1.0059,0.1739,10,10,0.947752,-0.011772
540,1.11,ITERATING,1.0104,0.1748,10,10,0.947633,-0.012694
541,1.11,ITERATING,1.0139,0.1756,10,10,0.947539,-0.013427
542,1.11,ITERATING,1.0168,0.1762,10,10,0.947463,-0.014017
543,1.11,ITERATING,1.0189,0.1766,10,10,0.947406,-0.014469
544,1.11,ITERATING,1.0207,0.177,10,10,0.94736,-0.014829
545,1.11,ITERATING,1.022,0.1772,10,10,0.947326,-0.015099
546,1.11,ITERATING,1.023,0.1775,10,10,0.947298,-0.015322
547,1.11,ITERATING,1.0239,0.1777,10,10,0.947274,-0.015504
548,1.11,ITERATING,1.0246,0.1778,10,10,0.947258,-0.015637
549,1.11,ITERATING,1.025,0.1779,10,10,0.947247,-0.015726
550,1.11,ITERATING,1.0254,0.1779,10,10,0.947236,-0.015814
551,1.11,ITERATING,1.0258,0.178,10,10,0.947225,-0.015902
552,1.11,ITERATING,1.0261,0.1781,10,10,0.94722,-0.015946
553,1.11,ITERATING,1.0263,0.1781,10,10,0.947215,-0.01599
554,1.11,ITERATING,1.0263,0.1781,10,10,0.947215,-0.01599
555,1.11,ITERATING,1.0265,0.1781,10,10,0.947209,-0.016034
556,1.11,ITERATING,1.0265,0.1781,10,10,0.947209,-0.016034
557,1.11,ITERATING,1.0267,0.1782,10,10,0.947204,-0.016078
558,1.11,ITERATING,1.0267,0.1782,10,10,0.947204,-0.016078
559,1.11,ITERATING,1.0267,0.1782,10,10,0.947204,-0.016078
560,1.11,ITERATING,1.0267,0.1782,10,10,0.947204,-0.016078
561,1.11,ITERATING,1.0267,0.1782,10,10,0.947204,-0.016078
562,1.11,ITERATING,1.0269,0.1782,10,10,0.947198,-0.016122
563,1.11,ITERATING,1.0269,0.1782,10,10,0.947199,-0.016122
564,1.11,ITERATING,1.0269,0.1782,10,10,0.947199,-0.016122
565,1.11,ITERATING,1.0269,0.1782,10,10,0.947199,-0.016122
566,1.11,ITERATING,1.0269,0.1782,10,10,0.947199,-0.016122
567,1.11,ITERATING,1.0269,0.1782,10,10,0.947199,-0.016122
568,1.11,ITERATING,1.0269,0.1782,10,10,0.947199,-0.016122
569,1.11,ITERATING,1.0269,0.1782,10,10,0.947199,-0.016122
570,1.11,ITERATING,1.0269,0.1782,10,10,0.947199,-0.016122
571,1.12,NEXT_STEP,1.0269,0.1782,10,10,0.947199,-0.016122
572,1.12,ITERATING,1.0269,0.1782,10,10,0.947199,-0.016122
573,1.13,NEXT_STEP,1.0269,0.1782,10,10,0.947199,-0.016122
574,1.13,ITERATING,1.0269,0.1782,10,10,0.947199,-0.016122
575,1.14,NEXT_STEP,1.0269,0.1782,10,10,0.947199,-0.016122
576,1.14,ITERATING,1.0269,0.1782,10,10,0.947199,-0.016122
577,1.15,NEXT_STEP,1.0269,0.1782,10,10,0.947199,-0.016122
578,1.15,ITERATING,1.0269,0.1782,10,10,0.947199,-0.016122
579,1.16,NEXT_STEP,1.0269,0.1782,10,10,0.947199,-0.016122
580,1.16,ITERATING,1.0269,0.1782,10,10,0.947199,-0.016122
581,1.17,NEXT_STEP,1.0269,0.1782,10,10,0.947199,-0.016122
582,1.17,ITERATING,1.0269,0.1782,10,10,0.947199,-0.016122
583,1.18,NEXT_STEP,1.0269,0.1782,10,10,0.947199,-0.016122
584,1.18,ITERATING,1.0269,0.1782,10,10,0.947199,-0.016122
585,1.19,NEXT_STEP,1.0269,0.1782,10,10,0.947199,-0.016122
586,1.2,NEXT_STEP,1.0269,0.1782,0,10,0.947199,-0.016122
587,1.2,ITERATING,1.0269,0.1782,10,10,0.947199,-0.016122
588,1.21,NEXT_STEP,1.0269,0.1782,10,10,0.947199,-0.016122
589,1.21,ITERATING,1.0269,0.1782,10,10,0.947199,-0.016122
590,1.22,NEXT_STEP,1.0269,0.1782,10,10,0.947199,-0.016122
591,1.23,NEXT_STEP,1.0269,0.1782,0,10,0.947199,-0.016122
592,1.24,NEXT_STEP,1.0269,0.1782,0,10,0.947199,-0.016122
593,1.25,NEXT_STEP,1.0269,0.1782,0,10,0.947199,-0.016122
594,1.26,NEXT_STEP,1.0269,0.1782,0,10,0.947199,-0.016122
595,1.27,NEXT_STEP,1.0269,0.1782,0,10,0.947199,-0.016122
596,1.28,NEXT_STEP,1.0269,0.1782,0,10,0.947199,-0.016122
597,1.29,NEXT_STEP,1.0269,0.1782,0,10,0.947199,-0.016122
598,1.3,NEXT_STEP,1.0269,0.1782,0,10,0.947199,-0.016122
599,1.31,NEXT_STEP,1.0269,0.1782,0,10,0.947199,-0.016122
600,1.32,NEXT_STEP,1.0269,0.1782,0,10,0.947199,-0.016122
601,1.33,NEXT_STEP,1.0269,0.1782,0,10,0.947199,-0.016122
602,1.34,NEXT_STEP,1.0269,0.1782,0,10,0.947199,-0.016122
603,1.35,NEXT_STEP,1.0269,0.1782,0,10,0.947199,-0.016122
604,1.36,NEXT_STEP,1.0269,0.1782,0,10,0.947199,-0.016122
605,1.37,NEXT_STEP,1.0269,0.1782,0,10,0.947199,-0.016122
606,1.38,NEXT_STEP,1.0269,0.1782,0,10,0.947199,-0.016122
607,1.39,NEXT_STEP,1.0269,0.1782,0,10,0.947199,-0.016122
608,1.4,NEXT_STEP,1.0269,0.1782,0,10,0.947199,-0.016122
609,1.41,NEXT_STEP,1.0269,0.1782,0,10,0.947199,-0.016122
610,1.42,NEXT_STEP,1.0269,0.1782,0,10,0.947199,-0.016122
611,1.43,NEXT_STEP,1.0269,0.1782,0,10,0.947199,-0.016122
612,1.44,NEXT_STEP,1.0269,0.1782,0,10,0.947199,-0.016122
613,1.45,NEXT_STEP,1.0269,0.1782,0,10,0.947199,-0.016122
614,1.46,NEXT_STEP,1.0269,0.1782,0,10,0.947199,-0.016122
615,1.47,NEXT_STEP,1.0269,0.1782,0,10,0.947199,-0.016122
616,1.48,NEXT_STEP,1.0269,0.1782,0,10,0.947199,-0.016122
617,1.49,NEXT_STEP,1.0269,0.1782,0,10,0.947199,-0.016122
618,1.5,NEXT_STEP,1.0269,0.1782,0,10,0.947199,-0.016122
619,1.51,NEXT_STEP,1.0269,0.1782,0,10,0.947199,-0.016122
620,1.52,NEXT_STEP,1.0269,0.1782,0,10,0.947199,-0.016122
621,1.53,NEXT_STEP,1.0269,0.1782,0,10,0.947199,-0.016122
622,1.54,NEXT_STEP,1.0269,0.1782,0,10,0.947199,-0.016122
623,1.55,NEXT_STEP,1.0269,0.1782,0,10,0.947199,-0.016122
624,1.56,NEXT_STEP,1.0269,0.1782,0,10,0.947199,-0.016122
625,1.57,NEXT_STEP,1.0269,0.1782,0,10,0.947199,-0.016122
626,1.58,NEXT_STEP,1.0269,0.1782,0,10,0.947199,-0.016122
627,1.59,NEXT_STEP,1.0269,0.1782,0,10,0.947199,-0.016122
628,1.6,NEXT_STEP,1.0269,0.1782,0,10,0.947199,-0.016122
629,1.61,NEXT_STEP,1.0269,0.1782,0,10,0.947199,-0.016122
630,1.62,NEXT_STEP,1.0269,0.1782,0,10,0.947199,-0.016122
631,1.63,NEXT_STEP,1.0269,0.1782,0,10,0.947199,-0.016122
632,1.64,NEXT_STEP,1.0269,0.1782,0,10,0.947199,-0.016122
633,1.65,NEXT_STEP,1.0269,0.1782,0,10,0.947199,-0.016122
634,1.66,NEXT_STEP,1.0269,0.1782,0,10,0.947199,-0.016122
635,1.67,NEXT_STEP,1.0269,0.1782,0,10,0.947199,-0.016122
636,1.68,NEXT_STEP,1.0269,0.1782,0,10,0.947199,-0.016122
637,1.69,NEXT_STEP,1.0269,0.1782,0,10,0.947199,-0.016122
638,1.7,NEXT_STEP,1.0269,0.1782,0,10,0.947199,-0.016122
639,1.71,NEXT_STEP,1.0269,0.1782,0,10,0.947199,-0.016122
640,1.72,NEXT_STEP,1.0269,0.1782,0,10,0.947199,-0.016122
641,1.73,NEXT_STEP,1.0269,0.1782,0,10,0.947199,-0.016122
642,1.74,NEXT_STEP,1.0269,0.1782,0,10,0.947199,-0.016122
643,1.75,NEXT_STEP,1.0269,0.1782,0,10,0.947199,-0.016122
644,1.76,NEXT_STEP,1.0269,0.1782,0,10,0.947199,-0.016122
645,1.77,NEXT_STEP,1.0269,0.1782,0,10,0.947199,-0.016122
646,1.78,NEXT_STEP,1.0269,0.1782,0,10,0.947199,-0.016122
647,1.79,NEXT_STEP,1.0269,0.1782,0,10,0.947199,-0.016122
648,1.8,NEXT_STEP,1.0269,0.1782,0,10,0.947199,-0.016122
649,1.81,NEXT_STEP,1.0269,0.1782,0,10,0.947199,-0.016122
650,1.82,NEXT_STEP,1.0269,0.1782,0,10,0.947199,-0.016122
651,1.83,NEXT_STEP,1.0269,0.1782,0,10,0.947199,-0.016122
652,1.84,NEXT_STEP,1.0269,0.1782,0,10,0.947199,-0.016122
653,1.85,NEXT_STEP,1.0269,0.1782,0,10,0.947199,-0.016122
654,1.86,NEXT_STEP,1.0269,0.1782,0,10,0.947199,-0.016122
655,1.87,NEXT_STEP,1.0269,0.1782,0,10,0.947199,-0.016122
656,1.88,NEXT_STEP,1.0269,0.1782,0,10,0.947199,-0.016122
657,1.89,NEXT_STEP,1.0269,0.1782,0,10,0.947199,-0.016122
658,1.9,NEXT_STEP,1.0269,0.1782,0,10,0.947199,-0.016122
659,1.91,NEXT_STEP,1.0269,0.1782,0,10,0.947199,-0.016122
660,1.92,NEXT_STEP,1.0269,0.1782,0,10,0.947199,-0.016122
661,1.93,NEXT_STEP,1.0269,0.1782,0,10,0.947199,-0.016122
662,1.94,NEXT_STEP,1.0269,0.1782,0,10,0.947199,-0.016122
663,1.95,NEXT_STEP,1.0269,0.1782,0,10,0.947199,-0.016122
664,1.96,NEXT_STEP,1.0269,0.1782,0,10,0.947199,-0.016122
665,1.97,NEXT_STEP,1.0269,0.1782,0,10,0.947199,-0.016122
666,1.98,NEXT_STEP,1.0269,0.1782,0,10,0.947199,-0.016122
667,1.99,NEXT_STEP,1.0269,0.1782,0,10,0.947199,-0.016122
668,2.0,NEXT_STEP,1.0269,0.1782,0,10,0.947199,-0.016122
669,2.01,NEXT_STEP,1.0269,0.1782,0,10,0.947199,-0.016122
670,2.02,NEXT_STEP,1.0269,0.1782,0,10,0.947199,-0.016122
671,2.03,NEXT_STEP,1.0269,0.1782,0,10,0.947199,-0.016122
672,2.04,NEXT_STEP,1.0269,0.1782,0,10,0.947199,-0.016122
673,2.05,NEXT_STEP,1.0269,0.1782,0,10,0.947199,-0.016122
674,2.06,NEXT_STEP,1.0269,0.1782,0,10,0.947199,-0.016122
675,2.07,NEXT_STEP,1.0269,0.1782,0,10,0.947199,-0.016122
676,2.08,NEXT_STEP,1.0269,0.1782,0,10,0.947199,-0.016122
677,2.09,NEXT_STEP,1.0269,0.1782,0,10,0.947199,-0.016122
678,2.1,NEXT_STEP,1.0269,0.1782,0,10,0.947199,-0.016122
679,2.11,NEXT_STEP,1.0269,0.1782,0,10,0.947199,-0.016122
680,2.12,NEXT_STEP,1.0269,0.1782,0,10,0.947199,-0.016122
681,2.13,NEXT_STEP,1.0269,0.1782,0,10,0.947199,-0.016122
682,2.14,NEXT_STEP,1.0269,0.1782,0,10,0.947199,-0.016122
683,2.15,NEXT_STEP,1.0269,0.1782,0,10,0.947199,-0.016122
684,2.16,NEXT_STEP,1.0269,0.1782,0,10,0.947199,-0.016122
685,2.17,NEXT_STEP,1.0269,0.1782,0,10,0.947199,-0.016122
686,2.18,NEXT_STEP,1.0269,0.1782,0,10,0.947199,-0.016122
687,2.19,NEXT_STEP,1.0269,0.1782,0,10,0.947199,-0.016122
688,2.2,NEXT_STEP,1.0269,0.1782,0,10,0.947199,-0.016122
689,2.21,NEXT_STEP,1.0269,0.1782,0,10,0.947199,-0.016122
690,2.22,NEXT_STEP,1.0269,0.1782,0,10,0.947199,-0.016122
691,2.23,NEXT_STEP,1.0269,0.1782,0,10,0.947199,-0.016122
692,2.24,NEXT_STEP,1.0269,0.1782,0,10,0.947199,-0.016122
693,2.25,NEXT_STEP,1.0269,0.1782,0,10,0.947199,-0.016122
694,2.26,NEXT_STEP,1.0269,0.1782,0,10,0.947199,-0.016122
695,2.27,NEXT_STEP,1.0269,0.1782,0,10,0.947199,-0.016122
696,2.28,NEXT_STEP,1.0269,0.1782,0,10,0.947199,-0.016122
697,2.29,NEXT_STEP,1.0269,0.1782,0,10,0.947199,-0.016122
698,2.3,NEXT_STEP,1.0269,0.1782,0,10,0.947199,-0.016122
699,2.31,NEXT_STEP,1.0269,0.1782,0,10,0.947199,-0.016122
700,2.32,NEXT_STEP,1.0269,0.1782,0,10,0.947199,-0.016122
701,2.33,NEXT_STEP,1.0269,0.1782,0,10,0.947199,-0.016122
702,2.34,NEXT_STEP,1.0269,0.1782,0,10,0.947199,-0.016122
703,2.35,NEXT_STEP,1.0269,0.1782,0,10,0.947199,-0.016122
704,2.36,NEXT_STEP,1.0269,0.1782,0,10,0.947199,-0.016122
705,2.37,NEXT_STEP,1.0269,0.1782,0,10,0.947199,-0.016122
706,2.38,NEXT_STEP,1.0269,0.1782,0,10,0.947199,-0.016122
707,2.39,NEXT_STEP,1.0269,0.1782,0,10,0.947199,-0.016122
708,2.4,NEXT_STEP,1.0269,0.1782,0,10,0.947199,-0.016122
709,2.41,NEXT_STEP,1.0269,0.1782,0,10,0.947199,-0.016122
710,2.42,NEXT_STEP,1.0269,0.1782,0,10,0.947199,-0.016122
711,2.43,NEXT_STEP,1.0269,0.1782,0,10,0.947199,-0.016122
712,2.44,NEXT_STEP,1.0269,0.1782,0,10,0.947199,-0.016122
713,2.45,NEXT_STEP,1.0269,0.1782,0,10,0.947199,-0.016122
714,2.46,NEXT_STEP,1.0269,0.1782,0,10,0.947199,-0.016122
715,2.47,NEXT_STEP,1.0269,0.1782,0,10,0.947199,-0.016122
716,2.48,NEXT_STEP,1.0269,0.1782,0,10,0.947199,-0.016122
717,2.49,NEXT_STEP,1.0269,0.1782,0,10,0.947199,-0.016122
718,2.5,NEXT_STEP,1.0269,0.1782,0,10,0.947199,-0.016122
719,2.51,NEXT_STEP,1.0269,0.1782,0,10,0.947199,-0.016122
720,2.52,NEXT_STEP,1.0269,0.1782,0,10,0.947199,-0.016122
721,2.53,NEXT_STEP,1.0269,0.1782,0,10,0.947199,-0.016122
722,2.54,NEXT_STEP,1.0269,0.1782,0,10,0.947199,-0.016122
723,2.55,NEXT_STEP,1.0269,0.1782,0,10,0.947199,-0.016122
724,2.56,NEXT_STEP,1.0269,0.1782,0,10,0.947199,-0.016122
725,2.57,NEXT_STEP,1.0269,0.1782,0,10,0.947199,-0.016122
726,2.58,NEXT_STEP,1.0269,0.1782,0,10,0.947199,-0.016122
727,2.59,NEXT_STEP,1.0269,0.1782,0,10,0.947199,-0.016122
728,2.6,NEXT_STEP,1.0269,0.1782,0,10,0.947199,-0.016122
729,2.61,NEXT_STEP,1.0269,0.1782,0,10,0.947199,-0.016122
730,2.62,NEXT_STEP,1.0269,0.1782,0,10,0.947199,-0.016122
731,2.63,NEXT_STEP,1.0269,0.1782,0,10,0.947199,-0.016122
732,2.64,NEXT_STEP,1.0269,0.1782,0,10,0.947199,-0.016122
733,2.65,NEXT_STEP,1.0269,0.1782,0,10,0.947199,-0.016122
734,2.66,NEXT_STEP,1.0269,0.1782,0,10,0.947199,-0.016122
735,2.67,NEXT_STEP,1.0269,0.1782,0,10,0.947199,-0.016122
736,2.68,NEXT_STEP,1.0269,0.1782,0,10,0.947199,-0.016122
737,2.69,NEXT_STEP,1.0269,0.1782,0,10,0.947199,-0.016122
738,2.7,NEXT_STEP,1.0269,0.1782,0,10,0.947199,-0.016122
739,2.71,NEXT_STEP,1.0269,0.1782,0,10,0.947199,-0.016122
740,2.72,NEXT_STEP,1.0269,0.1782,0,10,0.947199,-0.016122
741,2.73,NEXT_STEP,1.0269,0.1782,0,10,0.947199,-0.016122
742,2.74,NEXT_STEP,1.0269,0.1782,0,10,0.947199,-0.016122
743,2.75,NEXT_STEP,1.0269,0.1782,0,10,0.947199,-0.016122
744,2.76,NEXT_STEP,1.0269,0.1782,0,10,0.947199,-0.016122
745,2.77,NEXT_STEP,1.0269,0.1782,0,10,0.947199,-0.016122
746,2.78,NEXT_STEP,1.0269,0.1782,0,10,0.947199,-0.016122
747,2.79,NEXT_STEP,1.0269,0.1782,0,10,0.947199,-0.016122
748,2.8,NEXT_STEP,1.0269,0.1782,0,10,0.947199,-0.016122
749,2.81,NEXT_STEP,1.0269,0.1782,0,10,0.947199,-0.016122
750,2.82,NEXT_STEP,1.0269,0.1782,0,10,0.947199,-0.016122
751,2.83,NEXT_STEP,1.0269,0.1782,0,10,0.947199,-0.016122
752,2.84,NEXT_STEP,1.0269,0.1782,0,10,0.947199,-0.016122
753,2.85,NEXT_STEP,1.0269,0.1782,0,10,0.947199,-0.016122
754,2.86,NEXT_STEP,1.0269,0.1782,0,10,0.947199,-0.016122
755,2.87,NEXT_STEP,1.0269,0.1782,0,10,0.947199,-0.016122
756,2.88,NEXT_STEP,1.0269,0.1782,0,10,0.947199,-0.016122
757,2.89,NEXT_STEP,1.0269,0.1782,0,10,0.947199,-0.016122
758,2.9,NEXT_STEP,1.0269,0.1782,0,10,0.947199,-0.016122
759,2.91,NEXT_STEP,1.0269,0.1782,0,10,0.947199,-0.016122
760,2.92,NEXT_STEP,1.0269,0.1782,0,10,0.947199,-0.016122
761,2.93,NEXT_STEP,1.0269,0.1782,0,10,0.947199,-0.016122
762,2.94,NEXT_STEP,1.0269,0.1782,0,10,0.947199,-0.016122
763,2.95,NEXT_STEP,1.0269,0.1782,0,10,0.947199,-0.016122
764,2.96,NEXT_STEP,1.0269,0.1782,0,10,0.947199,-0.016122
765,2.97,NEXT_STEP,1.0269,0.1782,0,10,0.947199,-0.016122
766,2.98,NEXT_STEP,1.0269,0.1782,0,10,0.947199,-0.016122
767,2.99,NEXT_STEP,1.0269,0.1782,0,10,0.947199,-0.016122
768,3.0,NEXT_STEP,1.0269,0.1782,0,10,0.947199,-0.016122
769,3.01,NEXT_STEP,1.0269,0.1782,0,10,0.947199,-0.016122
770,3.02,NEXT_STEP,1.0269,0.1782,0,10,0.947199,-0.016122
771,3.03,NEXT_STEP,1.0269,0.1782,0,10,0.947199,-0.016122
772,3.04,NEXT_STEP,1.0269,0.1782,0,10,0.947199,-0.016122
773,3.05,NEXT_STEP,1.0269,0.1782,0,10,0.947199,-0.016122
774,3.06,NEXT_STEP,1.0269,0.1782,0,10,0.947199,-0.016122
775,3.07,NEXT_STEP,1.0269,0.1782,0,10,0.947199,-0.016122
776,3.08,NEXT_STEP,1.0269,0.1782,0,10,0.947199,-0.016122
777,3.09,NEXT_STEP,1.0269,0.1782,0,10,0.947199,-0.016122
778,3.1,NEXT_STEP,1.0269,0.1782,0,10,0.947199,-0.016122
779,3.11,NEXT_STEP,1.0269,0.1782,0,10,0.947199,-0.016122
780,3.12,NEXT_STEP,1.0269,0.1782,0,10,0.947199,-0.016122
781,3.13,NEXT_STEP,1.0269,0.1782,0,10,0.947199,-0.016122
782,3.14,NEXT_STEP,1.0269,0.1782,0,10,0.947199,-0.016122
783,3.15,NEXT_STEP,1.0269,0.1782,0,10,0.947199,-0.016122
784,3.16,NEXT_STEP,1.0269,0.1782,0,10,0.947199,-0.016122
785,3.17,NEXT_STEP,1.0269,0.1782,0,10,0.947199,-0.016122
786,3.18,NEXT_STEP,1.0269,0.1782,0,10,0.947199,-0.016122
787,3.19,NEXT_STEP,1.0269,0.1782,0,10,0.947199,-0.016122
788,3.2,NEXT_STEP,1.0269,0.1782,0,10,0.947199,-0.016122
789,3.21,NEXT_STEP,1.0269,0.1782,0,10,0.947199,-0.016122
790,3.22,NEXT_STEP,1.0269,0.1782,0,10,0.947199,-0.016122
791,3.23,NEXT_STEP,1.0269,0.1782,0,10,0.947199,-0.016122
792,3.24,NEXT_STEP,1.0269,0.1782,0,10,0.947199,-0.016122
793,3.25,NEXT_STEP,1.0269,0.1782,0,10,0.947199,-0.016122
794,3.26,NEXT_STEP,1.0269,0.1782,0,10,0.947199,-0.016122
795,3.27,NEXT_STEP,1.0269,0.1782,0,10,0.947199,-0.016122
796,3.28,NEXT_STEP,1.0269,0.1782,0,10,0.947199,-0.016122
797,3.29,NEXT_STEP,1.0269,0.1782,0,10,0.947199,-0.016122
798,3.3,NEXT_STEP,1.0269,0.1782,0,10,0.947199,-0.016122
799,3.31,NEXT_STEP,1.0269,0.1782,0,10,0.947199,-0.016122
800,3.32,NEXT_STEP,1.0269,0.1782,0,10,0.947199,-0.016122
801,3.33,NEXT_STEP,1.0269,0.1782,0,10,0.947199,-0.016122
802,3.34,NEXT_STEP,1.0269,0.1782,0,10,0.947199,-0.016122
803,3.35,NEXT_STEP,1.0269,0.1782,0,10,0.947199,-0.016122
804,3.36,NEXT_STEP,1.0269,0.1782,0,10,0.947199,-0.016122
805,3.37,NEXT_STEP,1.0269,0.1782,0,10,0.947199,-0.016122
806,3.38,NEXT_STEP,1.0269,0.1782,0,10,0.947199,-0.016122
807,3.39,NEXT_STEP,1.0269,0.1782,0,10,0.947199,-0.016122
808,3.4,NEXT_STEP,1.0269,0.1782,0,10,0.947199,-0.016122
809,3.41,NEXT_STEP,1.0269,0.1782,0,10,0.947199,-0.016122
810,3.42,NEXT_STEP,1.0269,0.1782,0,10,0.947199,-0.016122
811,3.43,NEXT_STEP,1.0269,0.1782,0,10,0.947199,-0.016122
812,3.44,NEXT_STEP,1.0269,0.1782,0,10,0.947199,-0.016122
813,3.45,NEXT_STEP,1.0269,0.1782,0,10,0.947199,-0.016122
814,3.46,NEXT_STEP,1.0269,0.1782,0,10,0.947199,-0.016122
815,3.47,NEXT_STEP,1.0269,0.1782,0,10,0.947199,-0.016122
816,3.48,NEXT_STEP,1.0269,0.1782,0,10,0.947199,-0.016122
817,3.49,NEXT_STEP,1.0269,0.1782,0,10,0.947199,-0.016122
818,3.5,NEXT_STEP,1.0269,0.1782,0,10,0.947199,-0.016122
819,3.51,NEXT_STEP,1.0269,0.1782,0,10,0.947199,-0.016122
820,3.52,NEXT_STEP,1.0269,0.1782,0,10,0.947199,-0.016122
821,3.53,NEXT_STEP,1.0269,0.1782,0,10,0.947199,-0.016122
822,3.54,NEXT_STEP,1.0269,0.1782,0,10,0.947199,-0.016122
823,3.55,NEXT_STEP,1.0269,0.1782,0,10,0.947199,-0.016122
824,3.56,NEXT_STEP,1.0269,0.1782,0,10,0.947199,-0.016122
825,3.57,NEXT_STEP,1.0269,0.1782,0,10,0.947199,-0.016122
826,3.58,NEXT_STEP,1.0269,0.1782,0,10,0.947199,-0.016122
827,3.59,NEXT_STEP,1.0269,0.1782,0,10,0.947199,-0.016122
828,3.6,NEXT_STEP,1.0269,0.1782,0,10,0.947199,-0.016122
829,3.61,NEXT_STEP,1.0269,0.1782,0,10,0.947199,-0.016122
830,3.62,NEXT_STEP,1.0269,0.1782,0,10,0.947199,-0.016122
831,3.63,NEXT_STEP,1.0269,0.1782,0,10,0.947199,-0.016122
832,3.64,NEXT_STEP,1.0269,0.1782,0,10,0.947199,-0.016122
833,3.65,NEXT_STEP,1.0269,0.1782,0,10,0.947199,-0.016122
834,3.66,NEXT_STEP,1.0269,0.1782,0,10,0.947199,-0.016122
835,3.67,NEXT_STEP,1.0269,0.1782,0,10,0.947199,-0.016122
836,3.68,NEXT_STEP,1.0269,0.1782,0,10,0.947199,-0.016122
837,3.69,NEXT_STEP,1.0269,0.1782,0,10,0.947199,-0.016122
838,3.7,NEXT_STEP,1.0269,0.1782,0,10,0.947199,-0.016122
839,3.71,NEXT_STEP,1.0269,0.1782,0,10,0.947199,-0.016122
840,3.72,NEXT_STEP,1.0269,0.1782,0,10,0.947199,-0.016122
841,3.73,NEXT_STEP,1.0269,0.1782,0,10,0.947199,-0.016122
842,3.74,NEXT_STEP,1.0269,0.1782,0,10,0.947199,-0.016122
843,3.75,NEXT_STEP,1.0269,0.1782,0,10,0.947199,-0.016122
844,3.76,NEXT_STEP,1.0269,0.1782,0,10,0.947199,-0.016122
845,3.77,NEXT_STEP,1.0269,0.1782,0,10,0.947199,-0.016122
846,3.78,NEXT_STEP,1.0269,0.1782,0,10,0.947199,-0.016122
847,3.79,NEXT_STEP,1.0269,0.1782,0,10,0.947199,-0.016122
848,3.8,NEXT_STEP,1.0269,0.1782,0,10,0.947199,-0.016122
849,3.81,NEXT_STEP,1.0269,0.1782,0,10,0.947199,-0.016122
850,3.82,NEXT_STEP,1.0269,0.1782,0,10,0.947199,-0.016122
851,3.83,NEXT_STEP,1.0269,0.1782,0,10,0.947199,-0.016122
852,3.84,NEXT_STEP,1.0269,0.1782,0,10,0.947199,-0.016122
853,3.85,NEXT_STEP,1.0269,0.1782,0,10,0.947199,-0.016122
854,3.86,NEXT_STEP,1.0269,0.1782,0,10,0.947199,-0.016122
855,3.87,NEXT_STEP,1.0269,0.1782,0,10,0.947199,-0.016122
856,3.88,NEXT_STEP,1.0269,0.1782,0,10,0.947199,-0.016122
857,3.89,NEXT_STEP,1.0269,0.1782,0,10,0.947199,-0.016122
858,3.9,NEXT_STEP,1.0269,0.1782,0,10,0.947199,-0.016122
859,3.91,NEXT_STEP,1.0269,0.1782,0,10,0.947199,-0.016122
860,3.92,NEXT_STEP,1.0269,0.1782,0,10,0.947199,-0.016122
861,3.93,NEXT_STEP,1.0269,0.1782,0,10,0.947199,-0.016122
862,3.94,NEXT_STEP,1.0269,0.1782,0,10,0.947199,-0.016122
863,3.95,NEXT_STEP,1.0269,0.1782,0,10,0.947199,-0.016122
864,3.96,NEXT_STEP,1.0269,0.1782,0,10,0.947199,-0.016122
865,3.97,NEXT_STEP,1.0269,0.1782,0,10,0.947199,-0.016122
866,3.98,NEXT_STEP,1.0269,0.1782,0,10,0.947199,-0.016122
867,3.99,NEXT_STEP,1.0269,0.1782,0,10,0.947199,-0.016122
868,4.0,NEXT_STEP,1.0269,0.1782,0,10,0.947199,-0.016122
869,4.01,NEXT_STEP,1.0269,0.1782,0,10,0.947199,-0.016122
870,4.02,NEXT_STEP,1.0269,0.1782,0,10,0.947199,-0.016122
871,4.03,NEXT_STEP,1.0269,0.1782,0,10,0.947199,-0.016122
872,4.04,NEXT_STEP,1.0269,0.1782,0,10,0.947199,-0.016122
873,4.05,NEXT_STEP,1.0269,0.1782,0,10,0.947199,-0.016122
874,4.06,NEXT_STEP,1.0269,0.1782,0,10,0.947199,-0.016122
875,4.07,NEXT_STEP,1.0269,0.1782,0,10,0.947199,-0.016122
876,4.08,NEXT_STEP,1.0269,0.1782,0,10,0.947199,-0.016122
877,4.09,NEXT_STEP,1.0269,0.1782,0,10,0.947199,-0.016122
878,4.1,NEXT_STEP,1.0269,0.1782,0,10,0.947199,-0.016122
879,4.11,NEXT_STEP,1.0269,0.1782,0,10,0.947199,-0.016122
880,4.12,NEXT_STEP,1.0269,0.1782,0,10,0.947199,-0.016122
881,4.13,NEXT_STEP,1.0269,0.1782,0,10,0.947199,-0.016122
882,4.14,NEXT_STEP,1.0269,0.1782,0,10,0.947199,-0.016122
883,4.15,NEXT_STEP,1.0269,0.1782,0,10,0.947199,-0.016122
884,4.16,NEXT_STEP,1.0269,0.1782,0,10,0.947199,-0.016122
885,4.17,NEXT_STEP,1.0269,0.1782,0,10,0.947199,-0.016122
886,4.18,NEXT_STEP,1.0269,0.1782,0,10,0.947199,-0.016122
887,4.19,NEXT_STEP,1.0269,0.1782,0,10,0.947199,-0.016122
888,4.2,NEXT_STEP,1.0269,0.1782,0,10,0.947199,-0.016122
889,4.21,NEXT_STEP,1.0269,0.1782,0,10,0.947199,-0.016122
890,4.22,NEXT_STEP,1.0269,0.1782,0,10,0.947199,-0.016122
891,4.23,NEXT_STEP,1.0269,0.1782,0,10,0.947199,-0.016122
892,4.24,NEXT_STEP,1.0269,0.1782,0,10,0.947199,-0.016122
893,4.25,NEXT_STEP,1.0269,0.1782,0,10,0.947199,-0.016122
894,4.26,NEXT_STEP,1.0269,0.1782,0,10,0.947199,-0.016122
895,4.27,NEXT_STEP,1.0269,0.1782,0,10,0.947199,-0.016122
896,4.28,NEXT_STEP,1.0269,0.1782,0,10,0.947199,-0.016122
897,4.29,NEXT_STEP,1.0269,0.1782,0,10,0.947199,-0.016122
898,4.3,NEXT_STEP,1.0269,0.1782,0,10,0.947199,-0.016122
899,4.31,NEXT_STEP,1.0269,0.1782,0,10,0.947199,-0.016122
900,4.32,NEXT_STEP,1.0269,0.1782,0,10,0.947199,-0.016122
901,4.33,NEXT_STEP,1.0269,0.1782,0,10,0.947199,-0.016122
902,4.34,NEXT_STEP,1.0269,0.1782,0,10,0.947199,-0.016122
903,4.35,NEXT_STEP,1.0269,0.1782,0,10,0.947199,-0.016122
904,4.36,NEXT_STEP,1.0269,0.1782,0,10,0.947199,-0.016122
905,4.37,NEXT_STEP,1.0269,0.1782,0,10,0.947199,-0.016122
906,4.38,NEXT_STEP,1.0269,0.1782,0,10,0.947199,-0.016122
907,4.39,NEXT_STEP,1.0269,0.1782,0,10,0.947199,-0.016122
908,4.4,NEXT_STEP,1.0269,0.1782,0,10,0.947199,-0.016122
909,4.41,NEXT_STEP,1.0269,0.1782,0,10,0.947199,-0.016122
910,4.42,NEXT_STEP,1.0269,0.1782,0,10,0.947199,-0.016122
911,4.43,NEXT_STEP,1.0269,0.1782,0,10,0.947199,-0.016122
912,4.44,NEXT_STEP,1.0269,0.1782,0,10,0.947199,-0.016122
913,4.45,NEXT_STEP,1.0269,0.1782,0,10,0.947199,-0.016122
914,4.46,NEXT_STEP,1.0269,0.1782,0,10,0.947199,-0.016122
915,4.47,NEXT_STEP,1.0269,0.1782,0,10,0.947199,-0.016122
916,4.48,NEXT_STEP,1.0269,0.1782,0,10,0.947199,-0.016122
917,4.49,NEXT_STEP,1.0269,0.1782,0,10,0.947199,-0.016122
918,4.5,NEXT_STEP,1.0269,0.1782,0,10,0.947199,-0.016122
919,4.51,NEXT_STEP,1.0269,0.1782,0,10,0.947199,-0.016122
920,4.52,NEXT_STEP,1.0269,0.1782,0,10,0.947199,-0.016122
921,4.53,NEXT_STEP,1.0269,0.1782,0,10,0.947199,-0.016122
922,4.54,NEXT_STEP,1.0269,0.1782,0,10,0.947199,-0.016122
923,4.55,NEXT_STEP,1.0269,0.1782,0,10,0.947199,-0.016122
924,4.56,NEXT_STEP,1.0269,0.1782,0,10,0.947199,-0.016122
925,4.57,NEXT_STEP,1.0269,0.1782,0,10,0.947199,-0.016122
926,4.58,NEXT_STEP,1.0269,0.1782,0,10,0.947199,-0.016122
927,4.59,NEXT_STEP,1.0269,0.1782,0,10,0.947199,-0.016122
928,4.6,NEXT_STEP,1.0269,0.1782,0,10,0.947199,-0.016122
929,4.61,NEXT_STEP,1.0269,0.1782,0,10,0.947199,-0.016122
930,4.62,NEXT_STEP,1.0269,0.1782,0,10,0.947199,-0.016122
931,4.63,NEXT_STEP,1.0269,0.1782,0,10,0.947199,-0.016122
932,4.64,NEXT_STEP,1.0269,0.1782,0,10,0.947199,-0.016122
933,4.65,NEXT_STEP,1.0269,0.1782,0,10,0.947199,-0.016122
934,4.66,NEXT_STEP,1.0269,0.1782,0,10,0.947199,-0.016122
935,4.67,NEXT_STEP,1.0269,0.1782,0,10,0.947199,-0.016122
936,4.68,NEXT_STEP,1.0269,0.1782,0,10,0.947199,-0.016122
937,4.69,NEXT_STEP,1.0269,0.1782,0,10,0.947199,-0.016122
938,4.7,NEXT_STEP,1.0269,0.1782,0,10,0.947199,-0.016122
939,4.71,NEXT_STEP,1.0269,0.1782,0,10,0.947199,-0.016122
940,4.72,NEXT_STEP,1.0269,0.1782,0,10,0.947199,-0.016122
941,4.73,NEXT_STEP,1.0269,0.1782,0,10,0.947199,-0.016122
942,4.74,NEXT_STEP,1.0269,0.1782,0,10,0.947199,-0.016122
943,4.75,NEXT_STEP,1.0269,0.1782,0,10,0.947199,-0.016122
944,4.76,NEXT_STEP,1.0269,0.1782,0,10,0.947199,-0.016122
945,4.77,NEXT_STEP,1.0269,0.1782,0,10,0.947199,-0.016122
946,4.78,NEXT_STEP,1.0269,0.1782,0,10,0.947199,-0.016122
947,4.79,NEXT_STEP,1.0269,0.1782,0,10,0.947199,-0.016122
948,4.8,NEXT_STEP,1.0269,0.1782,0,10,0.947199,-0.016122
949,4.81,NEXT_STEP,1.0269,0.1782,0,10,0.947199,-0.016122
950,4.82,NEXT_STEP,1.0269,0.1782,0,10,0.947199,-0.016122
951,4.83,NEXT_STEP,1.0269,0.1782,0,10,0.947199,-0.016122
952,4.84,NEXT_STEP,1.0269,0.1782,0,10,0.947199,-0.016122
953,4.85,NEXT_STEP,1.0269,0.1782,0,10,0.947199,-0.016122
954,4.86,NEXT_STEP,1.0269,0.1782,0,10,0.947199,-0.016122
955,4.87,NEXT_STEP,1.0269,0.1782,0,10,0.947199,-0.016122
956,4.88,NEXT_STEP,1.0269,0.1782,0,10,0.947199,-0.016122
957,4.89,NEXT_STEP,1.0269,0.1782,0,10,0.947199,-0.016122
958,4.9,NEXT_STEP,1.0269,0.1782,0,10,0.947199,-0.016122
959,4.91,NEXT_STEP,1.0269,0.1782,0,10,0.947199,-0.016122
960,4.92,NEXT_STEP,1.0269,0.1782,0,10,0.947199,-0.016122
961,4.93,NEXT_STEP,1.0269,0.1782,0,10,0.947199,-0.016122
962,4.94,NEXT_STEP,1.0269,0.1782,0,10,0.947199,-0.016122
963,4.95,NEXT_STEP,1.0269,0.1782,0,10,0.947199,-0.016122
964,4.96,NEXT_STEP,1.0269,0.1782,0,10,0.947199,-0.016122
965,4.97,NEXT_STEP,1.0269,0.1782,0,10,0.947199,-0.016122
966,4.98,NEXT_STEP,1.0269,0.1782,0,10,0.947199,-0.016122
967,4.99,NEXT_STEP,1.0269,0.1782,0,10,0.947199,-0.016122
968,5.0,NEXT_STEP,1.0269,0.1782,0,10,0.947199,-0.016122
969,5.01,NEXT_STEP,1.0269,0.1782,0,10,0.947199,-0.016122
970,5.02,NEXT_STEP,1.0269,0.1782,0,10,0.947199,-0.016122
971,5.03,NEXT_STEP,1.0269,0.1782,0,10,0.947199,-0.016122
972,5.04,NEXT_STEP,1.0269,0.1782,0,10,0.947199,-0.016122
973,5.05,NEXT_STEP,1.0269,0.1782,0,10,0.947199,-0.016122
974,5.06,NEXT_STEP,1.0269,0.1782,0,10,0.947199,-0.016122
975,5.07,NEXT_STEP,1.0269,0.1782,0,10,0.947199,-0.016122
976,5.08,NEXT_STEP,1.0269,0.1782,0,10,0.947199,-0.016122
977,5.09,NEXT_STEP,1.0269,0.1782,0,10,0.947199,-0.016122
978,5.1,NEXT_STEP,1.0269,0.1782,0,10,0.947199,-0.016122
979,5.11,NEXT_STEP,1.0269,0.1782,0,10,0.947199,-0.016122
980,5.12,NEXT_STEP,1.0269,0.1782,0,10,0.947199,-0.016122
981,5.13,NEXT_STEP,1.0269,0.1782,0,10,0.947199,-0.016122
982,5.14,NEXT_STEP,1.0269,0.1782,0,10,0.947199,-0.016122
983,5.15,NEXT_STEP,1.0269,0.1782,0,10,0.947199,-0.016122
984,5.16,NEXT_STEP,1.0269,0.1782,0,10,0.947199,-0.016122
985,5.17,NEXT_STEP,1.0269,0.1782,0,10,0.947199,-0.016122
986,5.18,NEXT_STEP,1.0269,0.1782,0,10,0.947199,-0.016122
987,5.19,NEXT_STEP,1.0269,0.1782,0,10,0.947199,-0.016122
988,5.2,NEXT_STEP,1.0269,0.1782,0,10,0.947199,-0.016122
989,5.21,NEXT_STEP,1.0269,0.1782,0,10,0.947199,-0.016122
990,5.22,NEXT_STEP,1.0269,0.1782,0,10,0.947199,-0.016122
991,5.23,NEXT_STEP,1.0269,0.1782,0,10,0.947199,-0.016122
992,5.24,NEXT_STEP,1.0269,0.1782,0,10,0.947199,-0.016122
993,5.25,NEXT_STEP,1.0269,0.1782,0,10,0.947199,-0.016122
994,5.26,NEXT_STEP,1.0269,0.1782,0,10,0.947199,-0.016122
995,5.27,NEXT_STEP,1.0269,0.1782,0,10,0.947199,-0.016122
996,5.28,NEXT_STEP,1.0269,0.1782,0,10,0.947199,-0.016122
997,5.29,NEXT_STEP,1.0269,0.1782,0,10,0.947199,-0.016122
998,5.3,NEXT_STEP,1.0269,0.1782,0,10,0.947199,-0.016122
999,5.31,NEXT_STEP,1.0269,0.1782,0,10,0.947199,-0.016122
1000,5.32,NEXT_STEP,1.0269,0.1782,0,10,0.947199,-0.016122
1001,5.33,NEXT_STEP,1.0269,0.1782,0,10,0.947199,-0.016122
1002,5.34,NEXT_STEP,1.0269,0.1782,0,10,0.947199,-0.016122
1003,5.35,NEXT_STEP,1.0269,0.1782,0,10,0.947199,-0.016122
1004,5.36,NEXT_STEP,1.0269,0.1782,0,10,0.947199,-0.016122
1005,5.37,NEXT_STEP,1.0269,0.1782,0,10,0.947199,-0.016122
1006,5.38,NEXT_STEP,1.0269,0.1782,0,10,0.947199,-0.016122
1007,5.39,NEXT_STEP,1.0269,0.1782,0,10,0.947199,-0.016122
1008,5.4,NEXT_STEP,1.0269,0.1782,0,10,0.947199,-0.016122
1009,5.41,NEXT_STEP,1.0269,0.1782,0,10,0.947199,-0.016122
1010,5.42,NEXT_STEP,1.0269,0.1782,0,10,0.947199,-0.016122
1011,5.43,NEXT_STEP,1.0269,0.1782,0,10,0.947199,-0.016122
1012,5.44,NEXT_STEP,1.0269,0.1782,0,10,0.947199,-0.016122
1013,5.45,NEXT_STEP,1.0269,0.1782,0,10,0.947199,-0.016122
1014,5.46,NEXT_STEP,1.0269,0.1782,0,10,0.947199,-0.016122
1015,5.47,NEXT_STEP,1.0269,0.1782,0,10,0.947199,-0.016122
1016,5.48,NEXT_STEP,1.0269,0.1782,0,10,0.947199,-0.016122
1017,5.49,NEXT_STEP,1.0269,0.1782,0,10,0.947199,-0.016122
1018,5.5,NEXT_STEP,1.0269,0.1782,0,10,0.947199,-0.016122
1019,5.51,NEXT_STEP,1.0269,0.1782,0,10,0.947199,-0.016122
1020,5.52,NEXT_STEP,1.0269,0.1782,0,10,0.947199,-0.016122
1021,5.53,NEXT_STEP,1.0269,0.1782,0,10,0.947199,-0.016122
1022,5.54,NEXT_STEP,1.0269,0.1782,0,10,0.947199,-0.016122
1023,5.55,NEXT_STEP,1.0269,0.1782,0,10,0.947199,-0.016122
1024,5.56,NEXT_STEP,1.0269,0.1782,0,10,0.947199,-0.016122
1025,5.57,NEXT_STEP,1.0269,0.1782,0,10,0.947199,-0.016122
1026,5.58,NEXT_STEP,1.0269,0.1782,0,10,0.947199,-0.016122
1027,5.59,NEXT_STEP,1.0269,0.1782,0,10,0.947199,-0.016122
1028,5.6,NEXT_STEP,1.0269,0.1782,0,10,0.947199,-0.016122
1029,5.61,NEXT_STEP,1.0269,0.1782,0,10,0.947199,-0.016122
1030,5.62,NEXT_STEP,1.0269,0.1782,0,10,0.947199,-0.016122
1031,5.63,NEXT_STEP,1.0269,0.1782,0,10,0.947199,-0.016122
1032,5.64,NEXT_STEP,1.0269,0.1782,0,10,0.947199,-0.016122
1033,5.65,NEXT_STEP,1.0269,0.1782,0,10,0.947199,-0.016122
1034,5.66,NEXT_STEP,1.0269,0.1782,0,10,0.947199,-0.016122
1035,5.67,NEXT_STEP,1.0269,0.1782,0,10,0.947199,-0.016122
1036,5.68,NEXT_STEP,1.0269,0.1782,0,10,0.947199,-0.016122
1037,5.69,NEXT_STEP,1.0269,0.1782,0,10,0.947199,-0.016122
1038,5.7,NEXT_STEP,1.0269,0.1782,0,10,0.947199,-0.016122
1039,5.71,NEXT_STEP,1.0269,0.1782,0,10,0.947199,-0.016122
1040,5.72,NEXT_STEP,1.0269,0.1782,0,10,0.947199,-0.016122
1041,5.73,NEXT_STEP,1.0269,0.1782,0,10,0.947199,-0.016122
1042,5.74,NEXT_STEP,1.0269,0.1782,0,10,0.947199,-0.016122
1043,5.75,NEXT_STEP,1.0269,0.1782,0,10,0.947199,-0.016122
1044,5.76,NEXT_STEP,1.0269,0.1782,0,10,0.947199,-0.016122
1045,5.77,NEXT_STEP,1.0269,0.1782,0,10,0.947199,-0.016122
1046,5.78,NEXT_STEP,1.0269,0.1782,0,10,0.947199,-0.016122
1047,5.79,NEXT_STEP,1.0269,0.1782,0,10,0.947199,-0.016122
1048,5.8,NEXT_STEP,1.0269,0.1782,0,10,0.947199,-0.016122
1049,5.81,NEXT_STEP,1.0269,0.1782,0,10,0.947199,-0.016122
1050,5.82,NEXT_STEP,1.0269,0.1782,0,10,0.947199,-0.016122
1051,5.83,NEXT_STEP,1.0269,0.1782,0,10,0.947199,-0.016122
1052,5.84,NEXT_STEP,1.0269,0.1782,0,10,0.947199,-0.016122
1053,5.85,NEXT_STEP,1.0269,0.1782,0,10,0.947199,-0.016122
1054,5.86,NEXT_STEP,1.0269,0.1782,0,10,0.947199,-0.016122
1055,5.87,NEXT_STEP,1.0269,0.1782,0,10,0.947199,-0.016122
1056,5.88,NEXT_STEP,1.0269,0.1782,0,10,0.947199,-0.016122
1057,5.89,NEXT_STEP,1.0269,0.1782,0,10,0.947199,-0.016122
1058,5.9,NEXT_STEP,1.0269,0.1782,0,10,0.947199,-0.016122
1059,5.91,NEXT_STEP,1.0269,0.1782,0,10,0.947199,-0.016122
1060,5.92,NEXT_STEP,1.0269,0.1782,0,10,0.947199,-0.016122
1061,5.93,NEXT_STEP,1.0269,0.1782,0,10,0.947199,-0.016122
1062,5.94,NEXT_STEP,1.0269,0.1782,0,10,0.947199,-0.016122
1063,5.95,NEXT_STEP,1.0269,0.1782,0,10,0.947199,-0.016122
1064,5.96,NEXT_STEP,1.0269,0.1782,0,10,0.947199,-0.016122
1065,5.97,NEXT_STEP,1.0269,0.1782,0,10,0.947199,-0.016122
1066,5.98,NEXT_STEP,1.0269,0.1782,0,10,0.947199,-0.016122
1067,5.99,NEXT_STEP,1.0269,0.1782,0,10,0.947199,-0.016122
1068,6.0,NEXT_STEP,1.0269,0.1782,0,10,0.947199,-0.016122
1069,6.01,NEXT_STEP,1.0269,0.1782,0,10,0.947199,-0.016122
1070,6.02,NEXT_STEP,1.0269,0.1782,0,10,0.947199,-0.016122
1071,6.03,NEXT_STEP,1.0269,0.1782,0,10,0.947199,-0.016122
1072,6.04,NEXT_STEP,1.0269,0.1782,0,10,0.947199,-0.016122
1073,6.05,NEXT_STEP,1.0269,0.1782,0,10,0.947199,-0.016122
1074,6.06,NEXT_STEP,1.0269,0.1782,0,10,0.947199,-0.016122
1075,6.07,NEXT_STEP,1.0269,0.1782,0,10,0.947199,-0.016122
1076,6.08,NEXT_STEP,1.0269,0.1782,0,10,0.947199,-0.016122
1077,6.09,NEXT_STEP,1.0269,0.1782,0,10,0.947199,-0.016122
1078,6.1,NEXT_STEP,1.0269,0.1782,0,10,0.947199,-0.016122
1079,6.11,NEXT_STEP,1.0269,0.1782,0,10,0.947199,-0.016122
1080,6.12,NEXT_STEP,1.0269,0.1782,0,10,0.947199,-0.016122
1081,6.13,NEXT_STEP,1.0269,0.1782,0,10,0.947199,-0.016122
1082,6.14,NEXT_STEP,1.0269,0.1782,0,10,0.947199,-0.016122
1083,6.15,NEXT_STEP,1.0269,0.1782,0,10,0.947199,-0.016122
1084,6.16,NEXT_STEP,1.0269,0.1782,0,10,0.947199,-0.016122
1085,6.17,NEXT_STEP,1.0269,0.1782,0,10,0.947199,-0.016122
1086,6.18,NEXT_STEP,1.0269,0.1782,0,10,0.947199,-0.016122
1087,6.19,NEXT_STEP,1.0269,0.1782,0,10,0.947199,-0.016122
1088,6.2,NEXT_STEP,1.0269,0.1782,0,10,0.947199,-0.016122
1089,6.21,NEXT_STEP,1.0269,0.1782,0,10,0.947199,-0.016122
1090,6.22,NEXT_STEP,1.0269,0.1782,0,10,0.947199,-0.016122
1091,6.23,NEXT_STEP,1.0269,0.1782,0,10,0.947199,-0.016122
1092,6.24,NEXT_STEP,1.0269,0.1782,0,10,0.947199,-0.016122
1093,6.25,NEXT_STEP,1.0269,0.1782,0,10,0.947199,-0.016122
1094,6.26,NEXT_STEP,1.0269,0.1782,0,10,0.947199,-0.016122
1095,6.27,NEXT_STEP,1.0269,0.1782,0,10,0.947199,-0.016122
1096,6.28,NEXT_STEP,1.0269,0.1782,0,10,0.947199,-0.016122
1097,6.29,NEXT_STEP,1.0269,0.1782,0,10,0.947199,-0.016122
1098,6.3,NEXT_STEP,1.0269,0.1782,0,10,0.947199,-0.016122
1099,6.31,NEXT_STEP,1.0269,0.1782,0,10,0.947199,-0.016122
1100,6.32,NEXT_STEP,1.0269,0.1782,0,10,0.947199,-0.016122
1101,6.33,NEXT_STEP,1.0269,0.1782,0,10,0.947199,-0.016122
1102,6.34,NEXT_STEP,1.0269,0.1782,0,10,0.947199,-0.016122
1103,6.35,NEXT_STEP,1.0269,0.1782,0,10,0.947199,-0.016122
1104,6.36,NEXT_STEP,1.0269,0.1782,0,10,0.947199,-0.016122
1105,6.37,NEXT_STEP,1.0269,0.1782,0,10,0.947199,-0.016122
1106,6.38,NEXT_STEP,1.0269,0.1782,0,10,0.947199,-0.016122
1107,6.39,NEXT_STEP,1.0269,0.1782,0,10,0.947199,-0.016122
1108,6.4,NEXT_STEP,1.0269,0.1782,0,10,0.947199,-0.016122
1109,6.41,NEXT_STEP,1.0269,0.1782,0,10,0.947199,-0.016122
1110,6.42,NEXT_STEP,1.0269,0.1782,0,10,0.947199,-0.016122
1111,6.43,NEXT_STEP,1.0269,0.1782,0,10,0.947199,-0.016122
1112,6.44,NEXT_STEP,1.0269,0.1782,0,10,0.947199,-0.016122
1113,6.45,NEXT_STEP,1.0269,0.1782,0,10,0.947199,-0.016122
1114,6.46,NEXT_STEP,1.0269,0.1782,0,10,0.947199,-0.016122
1115,6.47,NEXT_STEP,1.0269,0.1782,0,10,0.947199,-0.016122
1116,6.48,NEXT_STEP,1.0269,0.1782,0,10,0.947199,-0.016122
1117,6.49,NEXT_STEP,1.0269,0.1782,0,10,0.947199,-0.016122
1118,6.5,NEXT_STEP,1.0269,0.1782,0,10,0.947199,-0.016122
1119,6.51,NEXT_STEP,1.0269,0.1782,0,10,0.947199,-0.016122
1120,6.52,NEXT_STEP,1.0269,0.1782,0,10,0.947199,-0.016122
1121,6.53,NEXT_STEP,1.0269,0.1782,0,10,0.947199,-0.016122
1122,6.54,NEXT_STEP,1.0269,0.1782,0,10,0.947199,-0.016122
1123,6.55,NEXT_STEP,1.0269,0.1782,0,10,0.947199,-0.016122
1124,6.56,NEXT_STEP,1.0269,0.1782,0,10,0.947199,-0.016122
1125,6.57,NEXT_STEP,1.0269,0.1782,0,10,0.947199,-0.016122
1126,6.58,NEXT_STEP,1.0269,0.1782,0,10,0.947199,-0.016122
1127,6.59,NEXT_STEP,1.0269,0.1782,0,10,0.947199,-0.016122
1128,6.6,NEXT_STEP,1.0269,0.1782,0,10,0.947199,-0.016122
1129,6.61,NEXT_STEP,1.0269,0.1782,0,10,0.947199,-0.016122
1130,6.62,NEXT_STEP,1.0269,0.1782,0,10,0.947199,-0.016122
1131,6.63,NEXT_STEP,1.0269,0.1782,0,10,0.947199,-0.016122
1132,6.64,NEXT_STEP,1.0269,0.1782,0,10,0.947199,-0.016122
1133,6.65,NEXT_STEP,1.0269,0.1782,0,10,0.947199,-0.016122
1134,6.66,NEXT_STEP,1.0269,0.1782,0,10,0.947199,-0.016122
1135,6.67,NEXT_STEP,1.0269,0.1782,0,10,0.947199,-0.016122
1136,6.68,NEXT_STEP,1.0269,0.1782,0,10,0.947199,-0.016122
1137,6.69,NEXT_STEP,1.0269,0.1782,0,10,0.947199,-0.016122
1138,6.7,NEXT_STEP,1.0269,0.1782,0,10,0.947199,-0.016122
1139,6.71,NEXT_STEP,1.0269,0.1782,0,10,0.947199,-0.016122
1140,6.72,NEXT_STEP,1.0269,0.1782,0,10,0.947199,-0.016122
1141,6.73,NEXT_STEP,1.0269,0.1782,0,10,0.947199,-0.016122
1142,6.74,NEXT_STEP,1.0269,0.1782,0,10,0.947199,-0.016122
1143,6.75,NEXT_STEP,1.0269,0.1782,0,10,0.947199,-0.016122
1144,6.76,NEXT_STEP,1.0269,0.1782,0,10,0.947199,-0.016122
1145,6.77,NEXT_STEP,1.0269,0.1782,0,10,0.947199,-0.016122
1146,6.78,NEXT_STEP,1.0269,0.1782,0,10,0.947199,-0.016122
1147,6.79,NEXT_STEP,1.0269,0.1782,0,10,0.947199,-0.016122
1148,6.8,NEXT_STEP,1.0269,0.1782,0,10,0.947199,-0.016122
1149,6.81,NEXT_STEP,1.0269,0.1782,0,10,0.947199,-0.016122
1150,6.82,NEXT_STEP,1.0269,0.1782,0,10,0.947199,-0.016122
1151,6.83,NEXT_STEP,1.0269,0.1782,0,10,0.947199,-0.016122
1152,6.84,NEXT_STEP,1.0269,0.1782,0,10,0.947199,-0.016122
1153,6.85,NEXT_STEP,1.0269,0.1782,0,10,0.947199,-0.016122
1154,6.86,NEXT_STEP,1.0269,0.1782,0,10,0.947199,-0.016122
1155,6.87,NEXT_STEP,1.0269,0.1782,0,10,0.947199,-0.016122
1156,6.88,NEXT_STEP,1.0269,0.1782,0,10,0.947199,-0.016122
1157,6.89,NEXT_STEP,1.0269,0.1782,0,10,0.947199,-0.016122
1158,6.9,NEXT_STEP,1.0269,0.1782,0,10,0.947199,-0.016122
1159,6.91,NEXT_STEP,1.0269,0.1782,0,10,0.947199,-0.016122
1160,6.92,NEXT_STEP,1.0269,0.1782,0,10,0.947199,-0.016122
1161,6.93,NEXT_STEP,1.0269,0.1782,0,10,0.947199,-0.016122
1162,6.94,NEXT_STEP,1.0269,0.1782,0,10,0.947199,-0.016122
1163,6.95,NEXT_STEP,1.0269,0.1782,0,10,0.947199,-0.016122
1164,6.96,NEXT_STEP,1.0269,0.1782,0,10,0.947199,-0.016122
1165,6.97,NEXT_STEP,1.0269,0.1782,0,10,0.947199,-0.016122
1166,6.98,NEXT_STEP,1.0269,0.1782,0,10,0.947199,-0.016122
1167,6.99,NEXT_STEP,1.0269,0.1782,0,10,0.947199,-0.016122
1168,7.0,NEXT_STEP,1.0269,0.1782,0,10,0.947199,-0.016122
1169,7.01,NEXT_STEP,1.0269,0.1782,0,10,0.947199,-0.016122
1170,7.02,NEXT_STEP,1.0269,0.1782,0,10,0.947199,-0.016122
1171,7.03,NEXT_STEP,1.0269,0.1782,0,10,0.947199,-0.016122
1172,7.04,NEXT_STEP,1.0269,0.1782,0,10,0.947199,-0.016122
1173,7.05,NEXT_STEP,1.0269,0.1782,0,10,0.947199,-0.016122
1174,7.06,NEXT_STEP,1.0269,0.1782,0,10,0.947199,-0.016122
1175,7.07,NEXT_STEP,1.0269,0.1782,0,10,0.947199,-0.016122
1176,7.08,NEXT_STEP,1.0269,0.1782,0,10,0.947199,-0.016122
1177,7.09,NEXT_STEP,1.0269,0.1782,0,10,0.947199,-0.016122
1178,7.1,NEXT_STEP,1.0269,0.1782,0,10,0.947199,-0.016122
1179,7.11,NEXT_STEP,1.0269,0.1782,0,10,0.947199,-0.016122
1180,7.12,NEXT_STEP,1.0269,0.1782,0,10,0.947199,-0.016122
1181,7.13,NEXT_STEP,1.0269,0.1782,0,10,0.947199,-0.016122
1182,7.14,NEXT_STEP,1.0269,0.1782,0,10,0.947199,-0.016122
1183,7.15,NEXT_STEP,1.0269,0.1782,0,10,0.947199,-0.016122
1184,7.16,NEXT_STEP,1.0269,0.1782,0,10,0.947199,-0.016122
1185,7.17,NEXT_STEP,1.0269,0.1782,0,10,0.947199,-0.016122
1186,7.18,NEXT_STEP,1.0269,0.1782,0,10,0.947199,-0.016122
1187,7.19,NEXT_STEP,1.0269,0.1782,0,10,0.947199,-0.016122
1188,7.2,NEXT_STEP,1.0269,0.1782,0,10,0.947199,-0.016122
1189,7.21,NEXT_STEP,1.0269,0.1782,0,10,0.947199,-0.016122
1190,7.22,NEXT_STEP,1.0269,0.1782,0,10,0.947199,-0.016122
1191,7.23,NEXT_STEP,1.0269,0.1782,0,10,0.947199,-0.016122
1192,7.24,NEXT_STEP,1.0269,0.1782,0,10,0.947199,-0.016122
1193,7.25,NEXT_STEP,1.0269,0.1782,0,10,0.947199,-0.016122
1194,7.26,NEXT_STEP,1.0269,0.1782,0,10,0.947199,-0.016122
1195,7.27,NEXT_STEP,1.0269,0.1782,0,10,0.947199,-0.016122
1196,7.28,NEXT_STEP,1.0269,0.1782,0,10,0.947199,-0.016122
1197,7.29,NEXT_STEP,1.0269,0.1782,0,10,0.947199,-0.016122
1198,7.3,NEXT_STEP,1.0269,0.1782,0,10,0.947199,-0.016122
1199,7.31,NEXT_STEP,1.0269,0.1782,0,10,0.947199,-0.016122
1200,7.32,NEXT_STEP,1.0269,0.1782,0,10,0.947199,-0.016122
1201,7.33,NEXT_STEP,1.0269,0.1782,0,10,0.947199,-0.016122
1202,7.34,NEXT_STEP,1.0269,0.1782,0,10,0.947199,-0.016122
1203,7.35,NEXT_STEP,1.0269,0.1782,0,10,0.947199,-0.016122
1204,7.36,NEXT_STEP,1.0269,0.1782,0,10,0.947199,-0.016122
1205,7.37,NEXT_STEP,1.0269,0.1782,0,10,0.947199,-0.016122
1206,7.38,NEXT_STEP,1.0269,0.1782,0,10,0.947199,-0.016122
1207,7.39,NEXT_STEP,1.0269,0.1782,0,10,0.947199,-0.016122
1208,7.4,NEXT_STEP,1.0269,0.1782,0,10,0.947199,-0.016122
1209,7.41,NEXT_STEP,1.0269,0.1782,0,10,0.947199,-0.016122
1210,7.42,NEXT_STEP,1.0269,0.1782,0,10,0.947199,-0.016122
1211,7.43,NEXT_STEP,1.0269,0.1782,0,10,0.947199,-0.016122
1212,7.44,NEXT_STEP,1.0269,0.1782,0,10,0.947199,-0.016122
1213,7.45,NEXT_STEP,1.0269,0.1782,0,10,0.947199,-0.016122
1214,7.46,NEXT_STEP,1.0269,0.1782,0,10,0.947199,-0.016122
1215,7.47,NEXT_STEP,1.0269,0.1782,0,10,0.947199,-0.016122
1216,7.48,NEXT_STEP,1.0269,0.1782,0,10,0.947199,-0.016122
1217,7.49,NEXT_STEP,1.0269,0.1782,0,10,0.947199,-0.016122
1218,7.5,NEXT_STEP,1.0269,0.1782,0,10,0.947199,-0.016122
1219,7.51,NEXT_STEP,1.0269,0.1782,0,10,0.947199,-0.016122
1220,7.52,NEXT_STEP,1.0269,0.1782,0,10,0.947199,-0.016122
1221,7.53,NEXT_STEP,1.0269,0.1782,0,10,0.947199,-0.016122
1222,7.54,NEXT_STEP,1.0269,0.1782,0,10,0.947199,-0.016122
1223,7.55,NEXT_STEP,1.0269,0.1782,0,10,0.947199,-0.016122
1224,7.56,NEXT_STEP,1.0269,0.1782,0,10,0.947199,-0.016122
1225,7.57,NEXT_STEP,1.0269,0.1782,0,10,0.947199,-0.016122
1226,7.58,NEXT_STEP,1.0269,0.1782,0,10,0.947199,-0.016122
1227,7.59,NEXT_STEP,1.0269,0.1782,0,10,0.947199,-0.016122
1228,7.6,NEXT_STEP,1.0269,0.1782,0,10,0.947199,-0.016122
1229,7.61,NEXT_STEP,1.0269,0.1782,0,10,0.947199,-0.016122
1230,7.62,NEXT_STEP,1.0269,0.1782,0,10,0.947199,-0.016122
1231,7.63,NEXT_STEP,1.0269,0.1782,0,10,0.947199,-0.016122
1232,7.64,NEXT_STEP,1.0269,0.1782,0,10,0.947199,-0.016122
1233,7.65,NEXT_STEP,1.0269,0.1782,0,10,0.947199,-0.016122
1234,7.66,NEXT_STEP,1.0269,0.1782,0,10,0.947199,-0.016122
1235,7.67,NEXT_STEP,1.0269,0.1782,0,10,0.947199,-0.016122
1236,7.68,NEXT_STEP,1.0269,0.1782,0,10,0.947199,-0.016122
1237,7.69,NEXT_STEP,1.0269,0.1782,0,10,0.947199,-0.016122
1238,7.7,NEXT_STEP,1.0269,0.1782,0,10,0.947199,-0.016122
1239,7.71,NEXT_STEP,1.0269,0.1782,0,10,0.947199,-0.016122
1240,7.72,NEXT_STEP,1.0269,0.1782,0,10,0.947199,-0.016122
1241,7.73,NEXT_STEP,1.0269,0.1782,0,10,0.947199,-0.016122
1242,7.74,NEXT_STEP,1.0269,0.1782,0,10,0.947199,-0.016122
1243,7.75,NEXT_STEP,1.0269,0.1782,0,10,0.947199,-0.016122
1244,7.76,NEXT_STEP,1.0269,0.1782,0,10,0.947199,-0.016122
1245,7.77,NEXT_STEP,1.0269,0.1782,0,10,0.947199,-0.016122
1246,7.78,NEXT_STEP,1.0269,0.1782,0,10,0.947199,-0.016122
1247,7.79,NEXT_STEP,1.0269,0.1782,0,10,0.947199,-0.016122
1248,7.8,NEXT_STEP,1.0269,0.1782,0,10,0.947199,-0.016122
1249,7.81,NEXT_STEP,1.0269,0.1782,0,10,0.947199,-0.016122
1250,7.82,NEXT_STEP,1.0269,0.1782,0,10,0.947199,-0.016122
1251,7.83,NEXT_STEP,1.0269,0.1782,0,10,0.947199,-0.016122
1252,7.84,NEXT_STEP,1.0269,0.1782,0,10,0.947199,-0.016122
1253,7.85,NEXT_STEP,1.0269,0.1782,0,10,0.947199,-0.016122
1254,7.86,NEXT_STEP,1.0269,0.1782,0,10,0.947199,-0.016122
1255,7.87,NEXT_STEP,1.0269,0.1782,0,10,0.947199,-0.016122
1256,7.88,NEXT_STEP,1.0269,0.1782,0,10,0.947199,-0.016122
1257,7.89,NEXT_STEP,1.0269,0.1782,0,10,0.947199,-0.016122
1258,7.9,NEXT_STEP,1.0269,0.1782,0,10,0.947199,-0.016122
1259,7.91,NEXT_STEP,1.0269,0.1782,0,10,0.947199,-0.016122
1260,7.92,NEXT_STEP,1.0269,0.1782,0,10,0.947199,-0.016122
1261,7.93,NEXT_STEP,1.0269,0.1782,0,10,0.947199,-0.016122
1262,7.94,NEXT_STEP,1.0269,0.1782,0,10,0.947199,-0.016122
1263,7.95,NEXT_STEP,1.0269,0.1782,0,10,0.947199,-0.016122
1264,7.96,NEXT_STEP,1.0269,0.1782,0,10,0.947199,-0.016122
1265,7.97,NEXT_STEP,1.0269,0.1782,0,10,0.947199,-0.016122
1266,7.98,NEXT_STEP,1.0269,0.1782,0,10,0.947199,-0.016122
1267,7.99,NEXT_STEP,1.0269,0.1782,0,10,0.947199,-0.016122
1268,8.0,NEXT_STEP,1.0269,0.1782,0,10,0.947199,-0.016122
1269,8.01,NEXT_STEP,1.0269,0.1782,0,10,0.947199,-0.016122
1270,8.02,NEXT_STEP,1.0269,0.1782,0,10,0.947199,-0.016122
1271,8.03,NEXT_STEP,1.0269,0.1782,0,10,0.947199,-0.016122
1272,8.04,NEXT_STEP,1.0269,0.1782,0,10,0.947199,-0.016122
1273,8.05,NEXT_STEP,1.0269,0.1782,0,10,0.947199,-0.016122
1274,8.06,NEXT_STEP,1.0269,0.1782,0,10,0.947199,-0.016122
1275,8.07,NEXT_STEP,1.0269,0.1782,0,10,0.947199,-0.016122
1276,8.08,NEXT_STEP,1.0269,0.1782,0,10,0.947199,-0.016122
1277,8.09,NEXT_STEP,1.0269,0.1782,0,10,0.947199,-0.016122
1278,8.1,NEXT_STEP,1.0269,0.1782,0,10,0.947199,-0.016122
1279,8.11,NEXT_STEP,1.0269,0.1782,0,10,0.947199,-0.016122
1280,8.12,NEXT_STEP,1.0269,0.1782,0,10,0.947199,-0.016122
1281,8.13,NEXT_STEP,1.0269,0.1782,0,10,0.947199,-0.016122
1282,8.14,NEXT_STEP,1.0269,0.1782,0,10,0.947199,-0.016122
1283,8.15,NEXT_STEP,1.0269,0.1782,0,10,0.947199,-0.016122
1284,8.16,NEXT_STEP,1.0269,0.1782,0,10,0.947199,-0.016122
1285,8.17,NEXT_STEP,1.0269,0.1782,0,10,0.947199,-0.016122
1286,8.18,NEXT_STEP,1.0269,0.1782,0,10,0.947199,-0.016122
1287,8.19,NEXT_STEP,1.0269,0.1782,0,10,0.947199,-0.016122
1288,8.2,NEXT_STEP,1.0269,0.1782,0,10,0.947199,-0.016122
1289,8.21,NEXT_STEP,1.0269,0.1782,0,10,0.947199,-0.016122
1290,8.22,NEXT_STEP,1.0269,0.1782,0,10,0.947199,-0.016122
1291,8.23,NEXT_STEP,1.0269,0.1782,0,10,0.947199,-0.016122
1292,8.24,NEXT_STEP,1.0269,0.1782,0,10,0.947199,-0.016122
1293,8.25,NEXT_STEP,1.0269,0.1782,0,10,0.947199,-0.016122
1294,8.26,NEXT_STEP,1.0269,0.1782,0,10,0.947199,-0.016122
1295,8.27,NEXT_STEP,1.0269,0.1782,0,10,0.947199,-0.016122
1296,8.28,NEXT_STEP,1.0269,0.1782,0,10,0.947199,-0.016122
1297,8.29,NEXT_STEP,1.0269,0.1782,0,10,0.947199,-0.016122
1298,8.3,NEXT_STEP,1.0269,0.1782,0,10,0.947199,-0.016122
1299,8.31,NEXT_STEP,1.0269,0.1782,0,10,0.947199,-0.016122
1300,8.32,NEXT_STEP,1.0269,0.1782,0,10,0.947199,-0.016122
1301,8.33,NEXT_STEP,1.0269,0.1782,0,10,0.947199,-0.016122
1302,8.34,NEXT_STEP,1.0269,0.1782,0,10,0.947199,-0.016122
1303,8.35,NEXT_STEP,1.0269,0.1782,0,10,0.947199,-0.016122
1304,8.36,NEXT_STEP,1.0269,0.1782,0,10,0.947199,-0.016122
1305,8.37,NEXT_STEP,1.0269,0.1782,0,10,0.947199,-0.016122
1306,8.38,NEXT_STEP,1.0269,0.1782,0,10,0.947199,-0.016122
1307,8.39,NEXT_STEP,1.0269,0.1782,0,10,0.947199,-0.016122
1308,8.4,NEXT_STEP,1.0269,0.1782,0,10,0.947199,-0.016122
1309,8.41,NEXT_STEP,1.0269,0.1782,0,10,0.947199,-0.016122
1310,8.42,NEXT_STEP,1.0269,0.1782,0,10,0.947199,-0.016122
1311,8.43,NEXT_STEP,1.0269,0.1782,0,10,0.947199,-0.016122
1312,8.44,NEXT_STEP,1.0269,0.1782,0,10,0.947199,-0.016122
1313,8.45,NEXT_STEP,1.0269,0.1782,0,10,0.947199,-0.016122
1314,8.46,NEXT_STEP,1.0269,0.1782,0,10,0.947199,-0.016122
1315,8.47,NEXT_STEP,1.0269,0.1782,0,10,0.947199,-0.016122
1316,8.48,NEXT_STEP,1.0269,0.1782,0,10,0.947199,-0.016122
1317,8.49,NEXT_STEP,1.0269,0.1782,0,10,0.947199,-0.016122
1318,8.5,NEXT_STEP,1.0269,0.1782,0,10,0.947199,-0.016122
1319,8.51,NEXT_STEP,1.0269,0.1782,0,10,0.947199,-0.016122
1320,8.52,NEXT_STEP,1.0269,0.1782,0,10,0.947199,-0.016122
1321,8.53,NEXT_STEP,1.0269,0.1782,0,10,0.947199,-0.016122
1322,8.54,NEXT_STEP,1.0269,0.1782,0,10,0.947199,-0.016122
1323,8.55,NEXT_STEP,1.0269,0.1782,0,10,0.947199,-0.016122
1324,8.56,NEXT_STEP,1.0269,0.1782,0,10,0.947199,-0.016122
1325,8.57,NEXT_STEP,1.0269,0.1782,0,10,0.947199,-0.016122
1326,8.58,NEXT_STEP,1.0269,0.1782,0,10,0.947199,-0.016122
1327,8.59,NEXT_STEP,1.0269,0.1782,0,10,0.947199,-0.016122
1328,8.6,NEXT_STEP,1.0269,0.1782,0,10,0.947199,-0.016122
1329,8.61,NEXT_STEP,1.0269,0.1782,0,10,0.947199,-0.016122
1330,8.62,NEXT_STEP,1.0269,0.1782,0,10,0.947199,-0.016122
1331,8.63,NEXT_STEP,1.0269,0.1782,0,10,0.947199,-0.016122
1332,8.64,NEXT_STEP,1.0269,0.1782,0,10,0.947199,-0.016122
1333,8.65,NEXT_STEP,1.0269,0.1782,0,10,0.947199,-0.016122
1334,8.66,NEXT_STEP,1.0269,0.1782,0,10,0.947199,-0.016122
1335,8.67,NEXT_STEP,1.0269,0.1782,0,10,0.947199,-0.016122
1336,8.68,NEXT_STEP,1.0269,0.1782,0,10,0.947199,-0.016122
1337,8.69,NEXT_STEP,1.0269,0.1782,0,10,0.947199,-0.016122
1338,8.7,NEXT_STEP,1.0269,0.1782,0,10,0.947199,-0.016122
1339,8.71,NEXT_STEP,1.0269,0.1782,0,10,0.947199,-0.016122
1340,8.72,NEXT_STEP,1.0269,0.1782,0,10,0.947199,-0.016122
1341,8.73,NEXT_STEP,1.0269,0.1782,0,10,0.947199,-0.016122
1342,8.74,NEXT_STEP,1.0269,0.1782,0,10,0.947199,-0.016122
1343,8.75,NEXT_STEP,1.0269,0.1782,0,10,0.947199,-0.016122
1344,8.76,NEXT_STEP,1.0269,0.1782,0,10,0.947199,-0.016122
1345,8.77,NEXT_STEP,1.0269,0.1782,0,10,0.947199,-0.016122
1346,8.78,NEXT_STEP,1.0269,0.1782,0,10,0.947199,-0.016122
1347,8.79,NEXT_STEP,1.0269,0.1782,0,10,0.947199,-0.016122
1348,8.8,NEXT_STEP,1.0269,0.1782,0,10,0.947199,-0.016122
1349,8.81,NEXT_STEP,1.0269,0.1782,0,10,0.947199,-0.016122
1350,8.82,NEXT_STEP,1.0269,0.1782,0,10,0.947199,-0.016122
1351,8.83,NEXT_STEP,1.0269,0.1782,0,10,0.947199,-0.016122
1352,8.84,NEXT_STEP,1.0269,0.1782,0,10,0.947199,-0.016122
1353,8.85,NEXT_STEP,1.0269,0.1782,0,10,0.947199,-0.016122
1354,8.86,NEXT_STEP,1.0269,0.1782,0,10,0.947199,-0.016122
1355,8.87,NEXT_STEP,1.0269,0.1782,0,10,0.947199,-0.016122
1356,8.88,NEXT_STEP,1.0269,0.1782,0,10,0.947199,-0.016122
1357,8.89,NEXT_STEP,1.0269,0.1782,0,10,0.947199,-0.016122
1358,8.9,NEXT_STEP,1.0269,0.1782,0,10,0.947199,-0.016122
1359,8.91,NEXT_STEP,1.0269,0.1782,0,10,0.947199,-0.016122
1360,8.92,NEXT_STEP,1.0269,0.1782,0,10,0.947199,-0.016122
1361,8.93,NEXT_STEP,1.0269,0.1782,0,10,0.947199,-0.016122
1362,8.94,NEXT_STEP,1.0269,0.1782,0,10,0.947199,-0.016122
1363,8.95,NEXT_STEP,1.0269,0.1782,0,10,0.947199,-0.016122
1364,8.96,NEXT_STEP,1.0269,0.1782,0,10,0.947199,-0.016122
1365,8.97,NEXT_STEP,1.0269,0.1782,0,10,0.947199,-0.016122
1366,8.98,NEXT_STEP,1.0269,0.1782,0,10,0.947199,-0.016122
1367,8.99,NEXT_STEP,1.0269,0.1782,0,10,0.947199,-0.016122
1368,9.0,NEXT_STEP,1.0269,0.1782,0,10,0.947199,-0.016122
1369,9.01,NEXT_STEP,1.0269,0.1782,0,10,0.947199,-0.016122
1370,9.02,NEXT_STEP,1.0269,0.1782,0,10,0.947199,-0.016122
1371,9.03,NEXT_STEP,1.0269,0.1782,0,10,0.947199,-0.016122
1372,9.04,NEXT_STEP,1.0269,0.1782,0,10,0.947199,-0.016122
1373,9.05,NEXT_STEP,1.0269,0.1782,0,10,0.947199,-0.016122
1374,9.06,NEXT_STEP,1.0269,0.1782,0,10,0.947199,-0.016122
1375,9.07,NEXT_STEP,1.0269,0.1782,0,10,0.947199,-0.016122
1376,9.08,NEXT_STEP,1.0269,0.1782,0,10,0.947199,-0.016122
1377,9.09,NEXT_STEP,1.0269,0.1782,0,10,0.947199,-0.016122
1378,9.1,NEXT_STEP,1.0269,0.1782,0,10,0.947199,-0.016122
1379,9.11,NEXT_STEP,1.0269,0.1782,0,10,0.947199,-0.016122
1380,9.12,NEXT_STEP,1.0269,0.1782,0,10,0.947199,-0.016122
1381,9.13,NEXT_STEP,1.0269,0.1782,0,10,0.947199,-0.016122
1382,9.14,NEXT_STEP,1.0269,0.1782,0,10,0.947199,-0.016122
1383,9.15,NEXT_STEP,1.0269,0.1782,0,10,0.947199,-0.016122
1384,9.16,NEXT_STEP,1.0269,0.1782,0,10,0.947199,-0.016122
1385,9.17,NEXT_STEP,1.0269,0.1782,0,10,0.947199,-0.016122
1386,9.18,NEXT_STEP,1.0269,0.1782,0,10,0.947199,-0.016122
1387,9.19,NEXT_STEP,1.0269,0.1782,0,10,0.947199,-0.016122
1388,9.2,NEXT_STEP,1.0269,0.1782,0,10,0.947199,-0.016122
1389,9.21,NEXT_STEP,1.0269,0.1782,0,10,0.947199,-0.016122
1390,9.22,NEXT_STEP,1.0269,0.1782,0,10,0.947199,-0.016122
1391,9.23,NEXT_STEP,1.0269,0.1782,0,10,0.947199,-0.016122
1392,9.24,NEXT_STEP,1.0269,0.1782,0,10,0.947199,-0.016122
1393,9.25,NEXT_STEP,1.0269,0.1782,0,10,0.947199,-0.016122
1394,9.26,NEXT_STEP,1.0269,0.1782,0,10,0.947199,-0.016122
1395,9.27,NEXT_STEP,1.0269,0.1782,0,10,0.947199,-0.016122
1396,9.28,NEXT_STEP,1.0269,0.1782,0,10,0.947199,-0.016122
1397,9.29,NEXT_STEP,1.0269,0.1782,0,10,0.947199,-0.016122
1398,9.3,NEXT_STEP,1.0269,0.1782,0,10,0.947199,-0.016122
1399,9.31,NEXT_STEP,1.0269,0.1782,0,10,0.947199,-0.016122
1400,9.32,NEXT_STEP,1.0269,0.1782,0,10,0.947199,-0.016122
1401,9.33,NEXT_STEP,1.0269,0.1782,0,10,0.947199,-0.016122
1402,9.34,NEXT_STEP,1.0269,0.1782,0,10,0.947199,-0.016122
1403,9.35,NEXT_STEP,1.0269,0.1782,0,10,0.947199,-0.016122
1404,9.36,NEXT_STEP,1.0269,0.1782,0,10,0.947199,-0.016122
1405,9.37,NEXT_STEP,1.0269,0.1782,0,10,0.947199,-0.016122
1406,9.38,NEXT_STEP,1.0269,0.1782,0,10,0.947199,-0.016122
1407,9.39,NEXT_STEP,1.0269,0.1782,0,10,0.947199,-0.016122
1408,9.4,NEXT_STEP,1.0269,0.1782,0,10,0.947199,-0.016122
1409,9.41,NEXT_STEP,1.0269,0.1782,0,10,0.947199,-0.016122
1410,9.42,NEXT_STEP,1.0269,0.1782,0,10,0.947199,-0.016122
1411,9.43,NEXT_STEP,1.0269,0.1782,0,10,0.947199,-0.016122
1412,9.44,NEXT_STEP,1.0269,0.1782,0,10,0.947199,-0.016122
1413,9.45,NEXT_STEP,1.0269,0.1782,0,10,0.947199,-0.016122
1414,9.46,NEXT_STEP,1.0269,0.1782,0,10,0.947199,-0.016122
1415,9.47,NEXT_STEP,1.0269,0.1782,0,10,0.947199,-0.016122
1416,9.48,NEXT_STEP,1.0269,0.1782,0,10,0.947199,-0.016122
1417,9.49,NEXT_STEP,1.0269,0.1782,0,10,0.947199,-0.016122
1418,9.5,NEXT_STEP,1.0269,0.1782,0,10,0.947199,-0.016122
1419,9.51,NEXT_STEP,1.0269,0.1782,0,10,0.947199,-0.016122
1420,9.52,NEXT_STEP,1.0269,0.1782,0,10,0.947199,-0.016122
1421,9.53,NEXT_STEP,1.0269,0.1782,0,10,0.947199,-0.016122
1422,9.54,NEXT_STEP,1.0269,0.1782,0,10,0.947199,-0.016122
1423,9.55,NEXT_STEP,1.0269,0.1782,0,10,0.947199,-0.016122
1424,9.56,NEXT_STEP,1.0269,0.1782,0,10,0.947199,-0.016122
1425,9.57,NEXT_STEP,1.0269,0.1782,0,10,0.947199,-0.016122
1426,9.58,NEXT_STEP,1.0269,0.1782,0,10,0.947199,-0.016122
1427,9.59,NEXT_STEP,1.0269,0.1782,0,10,0.947199,-0.016122
1428,9.6,NEXT_STEP,1.0269,0.1782,0,10,0.947199,-0.016122
1429,9.61,NEXT_STEP,1.0269,0.1782,0,10,0.947199,-0.016122
1430,9.62,NEXT_STEP,1.0269,0.1782,0,10,0.947199,-0.016122
1431,9.63,NEXT_STEP,1.0269,0.1782,0,10,0.947199,-0.016122
1432,9.64,NEXT_STEP,1.0269,0.1782,0,10,0.947199,-0.016122
1433,9.65,NEXT_STEP,1.0269,0.1782,0,10,0.947199,-0.016122
1434,9.66,NEXT_STEP,1.0269,0.1782,0,10,0.947199,-0.016122
1435,9.67,NEXT_STEP,1.0269,0.1782,0,10,0.947199,-0.016122
1436,9.68,NEXT_STEP,1.0269,0.1782,0,10,0.947199,-0.016122
1437,9.69,NEXT_STEP,1.0269,0.1782,0,10,0.947199,-0.016122
1438,9.7,NEXT_STEP,1.0269,0.1782,0,10,0.947199,-0.016122
1439,9.71,NEXT_STEP,1.0269,0.1782,0,10,0.947199,-0.016122
1440,9.72,NEXT_STEP,1.0269,0.1782,0,10,0.947199,-0.016122
1441,9.73,NEXT_STEP,1.0269,0.1782,0,10,0.947199,-0.016122
1442,9.74,NEXT_STEP,1.0269,0.1782,0,10,0.947199,-0.016122
1443,9.75,NEXT_STEP,1.0269,0.1782,0,10,0.947199,-0.016122
1444,9.76,NEXT_STEP,1.0269,0.1782,0,10,0.947199,-0.016122
1445,9.77,NEXT_STEP,1.0269,0.1782,0,10,0.947199,-0.016122
1446,9.78,NEXT_STEP,1.0269,0.1782,0,10,0.947199,-0.016122
1447,9.79,NEXT_STEP,1.0269,0.1782,0,10,0.947199,-0.016122
1448,9.8,NEXT_STEP,1.0269,0.1782,0,10,0.947199,-0.016122
1449,9.81,NEXT_STEP,1.0269,0.1782,0,10,0.947199,-0.016122
1450,9.82,NEXT_STEP,1.0269,0.1782,0,10,0.947199,-0.016122
1451,9.83,NEXT_STEP,1.0269,0.1782,0,10,0.947199,-0.016122
1452,9.84,NEXT_STEP,1.0269,0.1782,0,10,0.947199,-0.016122
1453,9.85,NEXT_STEP,1.0269,0.1782,0,10,0.947199,-0.016122
1454,9.86,NEXT_STEP,1.0269,0.1782,0,10,0.947199,-0.016122
1455,9.87,NEXT_STEP,1.0269,0.1782,0,10,0.947199,-0.016122
1456,9.88,NEXT_STEP,1.0269,0.1782,0,10,0.947199,-0.016122
1457,9.89,NEXT_STEP,1.0269,0.1782,0,10,0.947199,-0.016122
1458,9.9,NEXT_STEP,1.0269,0.1782,0,10,0.947199,-0.016122
1459,9.91,NEXT_STEP,1.0269,0.1782,0,10,0.947199,-0.016122
1460,9.92,NEXT_STEP,1.0269,0.1782,0,10,0.947199,-0.016122
1461,9.93,NEXT_STEP,1.0269,0.1782,0,10,0.947199,-0.016122
1462,9.94,NEXT_STEP,1.0269,0.1782,0,10,0.947199,-0.016122
1463,9.95,NEXT_STEP,1.0269,0.1782,0,10,0.947199,-0.016122
1464,9.96,NEXT_STEP,1.0269,0.1782,0,10,0.947199,-0.016122
1465,9.97,NEXT_STEP,1.0269,0.1782,0,10,0.947199,-0.016122
1466,9.98,NEXT_STEP,1.0269,0.1782,0,10,0.947199,-0.016122
1467,9.99,NEXT_STEP,1.0269,0.1782,0,10,0.947199,-0.016122
1468,10.0,NEXT_STEP,1.0269,0.1782,0,10,0.947199,-0.016122
